query.name	flag	ref.name	ref.pos	mapq	cigar	mate.ref	mate.pos	template.length	seq	quality								
seq1	353	mini1	1	1	75=	=	575	0	GGGATATGGACCTCTCTAGCAAGCATGTGACTCAAATGGTGGGCCAATATACGTCCTCCTTGCTTGAAAACGTGG	CCCCCCCCCCCCCCCCCCCCCCCCCCCCCCCCCCCCCCCCCCCCCCCCCCCCCCCCCCCCCCCCCCCCCCCCCCC	AS:i:0	XN:i:0	XM:i:0	XO:i:0	XG:i:0	NM:i:0	MD:Z:75	YT:Z:UP
seq2	97	mini1	2	1	75=	=	576	0	GGATATGGACCTCTCTAGCAAGCATGTGACTCAAATGGTGGGCCAATATACGTCCTCCTTGCTTGAAAACGTGGG	CCCCCCCCCCCCCCCCCCCCCCCCCCCCCCCCCCCCCCCCCCCCCCCCCCCCCCCCCCCCCCCCCCCCCCCCCCC	AS:i:0	XN:i:0	XM:i:0	XO:i:0	XG:i:0	NM:i:0	MD:Z:75	YT:Z:UP
seq3	353	mini1	3	1	75=	=	577	0	GATATGGACCTCTCTAGCAAGCATGTGACTCAAATGGTGGGCCAATATACGTCCTCCTTGCTTGAAAACGTGGGC	CCCCCCCCCCCCCCCCCCCCCCCCCCCCCCCCCCCCCCCCCCCCCCCCCCCCCCCCCCCCCCCCCCCCCCCCCCC	AS:i:0	XN:i:0	XM:i:0	XO:i:0	XG:i:0	NM:i:0	MD:Z:75	YT:Z:UP
seq4	353	mini1	4	1	75=	=	578	0	ATATGGACCTCTCTAGCAAGCATGTGACTCAAATGGTGGGCCAATATACGTCCTCCTTGCTTGAAAACGTGGGCG	CCCCCCCCCCCCCCCCCCCCCCCCCCCCCCCCCCCCCCCCCCCCCCCCCCCCCCCCCCCCCCCCCCCCCCCCCCC	AS:i:0	XN:i:0	XM:i:0	XO:i:0	XG:i:0	NM:i:0	MD:Z:75	YT:Z:UP
seq5	353	mini1	5	1	75=	=	579	0	TATGGACCTCTCTAGCAAGCATGTGACTCAAATGGTGGGCCAATATACGTCCTCCTTGCTTGAAAACGTGGGCGC	CCCCCCCCCCCCCCCCCCCCCCCCCCCCCCCCCCCCCCCCCCCCCCCCCCCCCCCCCCCCCCCCCCCCCCCCCCC	AS:i:0	XN:i:0	XM:i:0	XO:i:0	XG:i:0	NM:i:0	MD:Z:75	YT:Z:UP
seq6	97	mini1	6	1	75=	=	580	0	ATGGACCTCTCTAGCAAGCATGTGACTCAAATGGTGGGCCAATATACGTCCTCCTTGCTTGAAAACGTGGGCGCT	CCCCCCCCCCCCCCCCCCCCCCCCCCCCCCCCCCCCCCCCCCCCCCCCCCCCCCCCCCCCCCCCCCCCCCCCCCC	AS:i:0	XN:i:0	XM:i:0	XO:i:0	XG:i:0	NM:i:0	MD:Z:75	YT:Z:UP
seq7	353	mini1	7	1	75=	=	581	0	TGGACCTCTCTAGCAAGCATGTGACTCAAATGGTGGGCCAATATACGTCCTCCTTGCTTGAAAACGTGGGCGCTA	CCCCCCCCCCCCCCCCCCCCCCCCCCCCCCCCCCCCCCCCCCCCCCCCCCCCCCCCCCCCCCCCCCCCCCCCCCC	AS:i:0	XN:i:0	XM:i:0	XO:i:0	XG:i:0	NM:i:0	MD:Z:75	YT:Z:UP
seq8	97	mini1	8	1	75=	=	582	0	GGACCTCTCTAGCAAGCATGTGACTCAAATGGTGGGCCAATATACGTCCTCCTTGCTTGAAAACGTGGGCGCTAA	CCCCCCCCCCCCCCCCCCCCCCCCCCCCCCCCCCCCCCCCCCCCCCCCCCCCCCCCCCCCCCCCCCCCCCCCCCC	AS:i:0	XN:i:0	XM:i:0	XO:i:0	XG:i:0	NM:i:0	MD:Z:75	YT:Z:UP
seq9	353	mini1	9	1	75=	=	583	0	GACCTCTCTAGCAAGCATGTGACTCAAATGGTGGGCCAATATACGTCCTCCTTGCTTGAAAACGTGGGCGCTAAT	CCCCCCCCCCCCCCCCCCCCCCCCCCCCCCCCCCCCCCCCCCCCCCCCCCCCCCCCCCCCCCCCCCCCCCCCCCC	AS:i:0	XN:i:0	XM:i:0	XO:i:0	XG:i:0	NM:i:0	MD:Z:75	YT:Z:UP
seq10	353	mini1	10	1	75=	=	584	0	ACCTCTCTAGCAAGCATGTGACTCAAATGGTGGGCCAATATACGTCCTCCTTGCTTGAAAACGTGGGCGCTAATC	CCCCCCCCCCCCCCCCCCCCCCCCCCCCCCCCCCCCCCCCCCCCCCCCCCCCCCCCCCCCCCCCCCCCCCCCCCC	AS:i:0	XN:i:0	XM:i:0	XO:i:0	XG:i:0	NM:i:0	MD:Z:75	YT:Z:UP
seq11	97	mini1	11	1	75=	=	585	0	CCTCTCTAGCAAGCATGTGACTCAAATGGTGGGCCAATATACGTCCTCCTTGCTTGAAAACGTGGGCGCTAATCC	CCCCCCCCCCCCCCCCCCCCCCCCCCCCCCCCCCCCCCCCCCCCCCCCCCCCCCCCCCCCCCCCCCCCCCCCCCC	AS:i:0	XN:i:0	XM:i:0	XO:i:0	XG:i:0	NM:i:0	MD:Z:75	YT:Z:UP
seq12	97	mini1	12	1	75=	=	586	0	CTCTCTAGCAAGCATGTGACTCAAATGGTGGGCCAATATACGTCCTCCTTGCTTGAAAACGTGGGCGCTAATCCA	CCCCCCCCCCCCCCCCCCCCCCCCCCCCCCCCCCCCCCCCCCCCCCCCCCCCCCCCCCCCCCCCCCCCCCCCCCC	AS:i:0	XN:i:0	XM:i:0	XO:i:0	XG:i:0	NM:i:0	MD:Z:75	YT:Z:UP
seq13	97	mini1	13	1	75=	=	587	0	TCTCTAGCAAGCATGTGACTCAAATGGTGGGCCAATATACGTCCTCCTTGCTTGAAAACGTGGGCGCTAATCCAA	CCCCCCCCCCCCCCCCCCCCCCCCCCCCCCCCCCCCCCCCCCCCCCCCCCCCCCCCCCCCCCCCCCCCCCCCCCC	AS:i:0	XN:i:0	XM:i:0	XO:i:0	XG:i:0	NM:i:0	MD:Z:75	YT:Z:UP
seq14	353	mini1	14	1	75=	=	588	0	CTCTAGCAAGCATGTGACTCAAATGGTGGGCCAATATACGTCCTCCTTGCTTGAAAACGTGGGCGCTAATCCAAG	CCCCCCCCCCCCCCCCCCCCCCCCCCCCCCCCCCCCCCCCCCCCCCCCCCCCCCCCCCCCCCCCCCCCCCCCCCC	AS:i:0	XN:i:0	XM:i:0	XO:i:0	XG:i:0	NM:i:0	MD:Z:75	YT:Z:UP
seq15	353	mini1	15	1	75=	=	589	0	TCTAGCAAGCATGTGACTCAAATGGTGGGCCAATATACGTCCTCCTTGCTTGAAAACGTGGGCGCTAATCCAAGT	CCCCCCCCCCCCCCCCCCCCCCCCCCCCCCCCCCCCCCCCCCCCCCCCCCCCCCCCCCCCCCCCCCCCCCCCCCC	AS:i:0	XN:i:0	XM:i:0	XO:i:0	XG:i:0	NM:i:0	MD:Z:75	YT:Z:UP
seq16	353	mini1	16	1	75=	=	590	0	CTAGCAAGCATGTGACTCAAATGGTGGGCCAATATACGTCCTCCTTGCTTGAAAACGTGGGCGCTAATCCAAGTG	CCCCCCCCCCCCCCCCCCCCCCCCCCCCCCCCCCCCCCCCCCCCCCCCCCCCCCCCCCCCCCCCCCCCCCCCCCC	AS:i:0	XN:i:0	XM:i:0	XO:i:0	XG:i:0	NM:i:0	MD:Z:75	YT:Z:UP
seq17	97	mini1	17	1	75=	=	591	0	TAGCAAGCATGTGACTCAAATGGTGGGCCAATATACGTCCTCCTTGCTTGAAAACGTGGGCGCTAATCCAAGTGT	CCCCCCCCCCCCCCCCCCCCCCCCCCCCCCCCCCCCCCCCCCCCCCCCCCCCCCCCCCCCCCCCCCCCCCCCCCC	AS:i:0	XN:i:0	XM:i:0	XO:i:0	XG:i:0	NM:i:0	MD:Z:75	YT:Z:UP
seq18	97	mini1	18	1	75=	=	592	0	AGCAAGCATGTGACTCAAATGGTGGGCCAATATACGTCCTCCTTGCTTGAAAACGTGGGCGCTAATCCAAGTGTA	CCCCCCCCCCCCCCCCCCCCCCCCCCCCCCCCCCCCCCCCCCCCCCCCCCCCCCCCCCCCCCCCCCCCCCCCCCC	AS:i:0	XN:i:0	XM:i:0	XO:i:0	XG:i:0	NM:i:0	MD:Z:75	YT:Z:UP
seq19	353	mini1	19	1	75=	=	593	0	GCAAGCATGTGACTCAAATGGTGGGCCAATATACGTCCTCCTTGCTTGAAAACGTGGGCGCTAATCCAAGTGTAT	CCCCCCCCCCCCCCCCCCCCCCCCCCCCCCCCCCCCCCCCCCCCCCCCCCCCCCCCCCCCCCCCCCCCCCCCCCC	AS:i:0	XN:i:0	XM:i:0	XO:i:0	XG:i:0	NM:i:0	MD:Z:75	YT:Z:UP
seq20	353	mini1	20	1	75=	=	594	0	CAAGCATGTGACTCAAATGGTGGGCCAATATACGTCCTCCTTGCTTGAAAACGTGGGCGCTAATCCAAGTGTATC	CCCCCCCCCCCCCCCCCCCCCCCCCCCCCCCCCCCCCCCCCCCCCCCCCCCCCCCCCCCCCCCCCCCCCCCCCCC	AS:i:0	XN:i:0	XM:i:0	XO:i:0	XG:i:0	NM:i:0	MD:Z:75	YT:Z:UP
seq21	97	mini1	21	1	75=	=	595	0	AAGCATGTGACTCAAATGGTGGGCCAATATACGTCCTCCTTGCTTGAAAACGTGGGCGCTAATCCAAGTGTATCC	CCCCCCCCCCCCCCCCCCCCCCCCCCCCCCCCCCCCCCCCCCCCCCCCCCCCCCCCCCCCCCCCCCCCCCCCCCC	AS:i:0	XN:i:0	XM:i:0	XO:i:0	XG:i:0	NM:i:0	MD:Z:75	YT:Z:UP
seq22	353	mini1	22	1	75=	=	596	0	AGCATGTGACTCAAATGGTGGGCCAATATACGTCCTCCTTGCTTGAAAACGTGGGCGCTAATCCAAGTGTATCCA	CCCCCCCCCCCCCCCCCCCCCCCCCCCCCCCCCCCCCCCCCCCCCCCCCCCCCCCCCCCCCCCCCCCCCCCCCCC	AS:i:0	XN:i:0	XM:i:0	XO:i:0	XG:i:0	NM:i:0	MD:Z:75	YT:Z:UP
seq23	353	mini1	23	1	75=	=	597	0	GCATGTGACTCAAATGGTGGGCCAATATACGTCCTCCTTGCTTGAAAACGTGGGCGCTAATCCAAGTGTATCCAA	CCCCCCCCCCCCCCCCCCCCCCCCCCCCCCCCCCCCCCCCCCCCCCCCCCCCCCCCCCCCCCCCCCCCCCCCCCC	AS:i:0	XN:i:0	XM:i:0	XO:i:0	XG:i:0	NM:i:0	MD:Z:75	YT:Z:UP
seq24	97	mini1	24	1	75=	=	598	0	CATGTGACTCAAATGGTGGGCCAATATACGTCCTCCTTGCTTGAAAACGTGGGCGCTAATCCAAGTGTATCCAAA	CCCCCCCCCCCCCCCCCCCCCCCCCCCCCCCCCCCCCCCCCCCCCCCCCCCCCCCCCCCCCCCCCCCCCCCCCCC	AS:i:0	XN:i:0	XM:i:0	XO:i:0	XG:i:0	NM:i:0	MD:Z:75	YT:Z:UP
seq25	97	mini1	25	1	75=	=	599	0	ATGTGACTCAAATGGTGGGCCAATATACGTCCTCCTTGCTTGAAAACGTGGGCGCTAATCCAAGTGTATCCAAAC	CCCCCCCCCCCCCCCCCCCCCCCCCCCCCCCCCCCCCCCCCCCCCCCCCCCCCCCCCCCCCCCCCCCCCCCCCCC	AS:i:0	XN:i:0	XM:i:0	XO:i:0	XG:i:0	NM:i:0	MD:Z:75	YT:Z:UP
seq26	97	mini1	26	1	75=	=	600	0	TGTGACTCAAATGGTGGGCCAATATACGTCCTCCTTGCTTGAAAACGTGGGCGCTAATCCAAGTGTATCCAAACA	CCCCCCCCCCCCCCCCCCCCCCCCCCCCCCCCCCCCCCCCCCCCCCCCCCCCCCCCCCCCCCCCCCCCCCCCCCC	AS:i:0	XN:i:0	XM:i:0	XO:i:0	XG:i:0	NM:i:0	MD:Z:75	YT:Z:UP
seq27	353	mini1	27	1	75=	=	601	0	GTGACTCAAATGGTGGGCCAATATACGTCCTCCTTGCTTGAAAACGTGGGCGCTAATCCAAGTGTATCCAAACAA	CCCCCCCCCCCCCCCCCCCCCCCCCCCCCCCCCCCCCCCCCCCCCCCCCCCCCCCCCCCCCCCCCCCCCCCCCCC	AS:i:0	XN:i:0	XM:i:0	XO:i:0	XG:i:0	NM:i:0	MD:Z:75	YT:Z:UP
seq28	97	mini1	28	1	75=	=	602	0	TGACTCAAATGGTGGGCCAATATACGTCCTCCTTGCTTGAAAACGTGGGCGCTAATCCAAGTGTATCCAAACAAT	CCCCCCCCCCCCCCCCCCCCCCCCCCCCCCCCCCCCCCCCCCCCCCCCCCCCCCCCCCCCCCCCCCCCCCCCCCC	AS:i:0	XN:i:0	XM:i:0	XO:i:0	XG:i:0	NM:i:0	MD:Z:75	YT:Z:UP
seq29	97	mini1	29	1	75=	=	603	0	GACTCAAATGGTGGGCCAATATACGTCCTCCTTGCTTGAAAACGTGGGCGCTAATCCAAGTGTATCCAAACAATG	CCCCCCCCCCCCCCCCCCCCCCCCCCCCCCCCCCCCCCCCCCCCCCCCCCCCCCCCCCCCCCCCCCCCCCCCCCC	AS:i:0	XN:i:0	XM:i:0	XO:i:0	XG:i:0	NM:i:0	MD:Z:75	YT:Z:UP
seq30	353	mini1	30	1	75=	=	604	0	ACTCAAATGGTGGGCCAATATACGTCCTCCTTGCTTGAAAACGTGGGCGCTAATCCAAGTGTATCCAAACAATGA	CCCCCCCCCCCCCCCCCCCCCCCCCCCCCCCCCCCCCCCCCCCCCCCCCCCCCCCCCCCCCCCCCCCCCCCCCCC	AS:i:0	XN:i:0	XM:i:0	XO:i:0	XG:i:0	NM:i:0	MD:Z:75	YT:Z:UP
seq31	97	mini1	31	1	75=	=	605	0	CTCAAATGGTGGGCCAATATACGTCCTCCTTGCTTGAAAACGTGGGCGCTAATCCAAGTGTATCCAAACAATGAA	CCCCCCCCCCCCCCCCCCCCCCCCCCCCCCCCCCCCCCCCCCCCCCCCCCCCCCCCCCCCCCCCCCCCCCCCCCC	AS:i:0	XN:i:0	XM:i:0	XO:i:0	XG:i:0	NM:i:0	MD:Z:75	YT:Z:UP
seq32	353	mini1	32	1	75=	=	606	0	TCAAATGGTGGGCCAATATACGTCCTCCTTGCTTGAAAACGTGGGCGCTAATCCAAGTGTATCCAAACAATGAAG	CCCCCCCCCCCCCCCCCCCCCCCCCCCCCCCCCCCCCCCCCCCCCCCCCCCCCCCCCCCCCCCCCCCCCCCCCCC	AS:i:0	XN:i:0	XM:i:0	XO:i:0	XG:i:0	NM:i:0	MD:Z:75	YT:Z:UP
seq33	353	mini1	33	1	75=	=	607	0	CAAATGGTGGGCCAATATACGTCCTCCTTGCTTGAAAACGTGGGCGCTAATCCAAGTGTATCCAAACAATGAAGT	CCCCCCCCCCCCCCCCCCCCCCCCCCCCCCCCCCCCCCCCCCCCCCCCCCCCCCCCCCCCCCCCCCCCCCCCCCC	AS:i:0	XN:i:0	XM:i:0	XO:i:0	XG:i:0	NM:i:0	MD:Z:75	YT:Z:UP
seq34	353	mini1	34	1	75=	=	608	0	AAATGGTGGGCCAATATACGTCCTCCTTGCTTGAAAACGTGGGCGCTAATCCAAGTGTATCCAAACAATGAAGTA	CCCCCCCCCCCCCCCCCCCCCCCCCCCCCCCCCCCCCCCCCCCCCCCCCCCCCCCCCCCCCCCCCCCCCCCCCCC	AS:i:0	XN:i:0	XM:i:0	XO:i:0	XG:i:0	NM:i:0	MD:Z:75	YT:Z:UP
seq35	353	mini1	35	1	75=	=	609	0	AATGGTGGGCCAATATACGTCCTCCTTGCTTGAAAACGTGGGCGCTAATCCAAGTGTATCCAAACAATGAAGTAG	CCCCCCCCCCCCCCCCCCCCCCCCCCCCCCCCCCCCCCCCCCCCCCCCCCCCCCCCCCCCCCCCCCCCCCCCCCC	AS:i:0	XN:i:0	XM:i:0	XO:i:0	XG:i:0	NM:i:0	MD:Z:75	YT:Z:UP
seq36	353	mini1	36	1	75=	=	610	0	ATGGTGGGCCAATATACGTCCTCCTTGCTTGAAAACGTGGGCGCTAATCCAAGTGTATCCAAACAATGAAGTAGT	CCCCCCCCCCCCCCCCCCCCCCCCCCCCCCCCCCCCCCCCCCCCCCCCCCCCCCCCCCCCCCCCCCCCCCCCCCC	AS:i:0	XN:i:0	XM:i:0	XO:i:0	XG:i:0	NM:i:0	MD:Z:75	YT:Z:UP
seq37	353	mini1	37	1	75=	=	611	0	TGGTGGGCCAATATACGTCCTCCTTGCTTGAAAACGTGGGCGCTAATCCAAGTGTATCCAAACAATGAAGTAGTG	CCCCCCCCCCCCCCCCCCCCCCCCCCCCCCCCCCCCCCCCCCCCCCCCCCCCCCCCCCCCCCCCCCCCCCCCCCC	AS:i:0	XN:i:0	XM:i:0	XO:i:0	XG:i:0	NM:i:0	MD:Z:75	YT:Z:UP
seq38	353	mini1	38	1	75=	=	612	0	GGTGGGCCAATATACGTCCTCCTTGCTTGAAAACGTGGGCGCTAATCCAAGTGTATCCAAACAATGAAGTAGTGG	CCCCCCCCCCCCCCCCCCCCCCCCCCCCCCCCCCCCCCCCCCCCCCCCCCCCCCCCCCCCCCCCCCCCCCCCCCC	AS:i:0	XN:i:0	XM:i:0	XO:i:0	XG:i:0	NM:i:0	MD:Z:75	YT:Z:UP
seq39	353	mini1	39	1	75=	=	613	0	GTGGGCCAATATACGTCCTCCTTGCTTGAAAACGTGGGCGCTAATCCAAGTGTATCCAAACAATGAAGTAGTGGA	CCCCCCCCCCCCCCCCCCCCCCCCCCCCCCCCCCCCCCCCCCCCCCCCCCCCCCCCCCCCCCCCCCCCCCCCCCC	AS:i:0	XN:i:0	XM:i:0	XO:i:0	XG:i:0	NM:i:0	MD:Z:75	YT:Z:UP
seq40	353	mini1	40	1	75=	=	614	0	TGGGCCAATATACGTCCTCCTTGCTTGAAAACGTGGGCGCTAATCCAAGTGTATCCAAACAATGAAGTAGTGGAG	CCCCCCCCCCCCCCCCCCCCCCCCCCCCCCCCCCCCCCCCCCCCCCCCCCCCCCCCCCCCCCCCCCCCCCCCCCC	AS:i:0	XN:i:0	XM:i:0	XO:i:0	XG:i:0	NM:i:0	MD:Z:75	YT:Z:UP
seq41	353	mini1	41	1	75=	=	615	0	GGGCCAATATACGTCCTCCTTGCTTGAAAACGTGGGCGCTAATCCAAGTGTATCCAAACAATGAAGTAGTGGAGT	CCCCCCCCCCCCCCCCCCCCCCCCCCCCCCCCCCCCCCCCCCCCCCCCCCCCCCCCCCCCCCCCCCCCCCCCCCC	AS:i:0	XN:i:0	XM:i:0	XO:i:0	XG:i:0	NM:i:0	MD:Z:75	YT:Z:UP
seq42	353	mini1	42	1	75=	=	616	0	GGCCAATATACGTCCTCCTTGCTTGAAAACGTGGGCGCTAATCCAAGTGTATCCAAACAATGAAGTAGTGGAGTG	CCCCCCCCCCCCCCCCCCCCCCCCCCCCCCCCCCCCCCCCCCCCCCCCCCCCCCCCCCCCCCCCCCCCCCCCCCC	AS:i:0	XN:i:0	XM:i:0	XO:i:0	XG:i:0	NM:i:0	MD:Z:75	YT:Z:UP
seq43	97	mini1	43	1	75=	=	617	0	GCCAATATACGTCCTCCTTGCTTGAAAACGTGGGCGCTAATCCAAGTGTATCCAAACAATGAAGTAGTGGAGTGA	CCCCCCCCCCCCCCCCCCCCCCCCCCCCCCCCCCCCCCCCCCCCCCCCCCCCCCCCCCCCCCCCCCCCCCCCCCC	AS:i:0	XN:i:0	XM:i:0	XO:i:0	XG:i:0	NM:i:0	MD:Z:75	YT:Z:UP
seq44	353	mini1	44	1	75=	=	618	0	CCAATATACGTCCTCCTTGCTTGAAAACGTGGGCGCTAATCCAAGTGTATCCAAACAATGAAGTAGTGGAGTGAC	CCCCCCCCCCCCCCCCCCCCCCCCCCCCCCCCCCCCCCCCCCCCCCCCCCCCCCCCCCCCCCCCCCCCCCCCCCC	AS:i:0	XN:i:0	XM:i:0	XO:i:0	XG:i:0	NM:i:0	MD:Z:75	YT:Z:UP
seq45	97	mini1	45	1	75=	=	619	0	CAATATACGTCCTCCTTGCTTGAAAACGTGGGCGCTAATCCAAGTGTATCCAAACAATGAAGTAGTGGAGTGACT	CCCCCCCCCCCCCCCCCCCCCCCCCCCCCCCCCCCCCCCCCCCCCCCCCCCCCCCCCCCCCCCCCCCCCCCCCCC	AS:i:0	XN:i:0	XM:i:0	XO:i:0	XG:i:0	NM:i:0	MD:Z:75	YT:Z:UP
seq46	97	mini1	46	1	75=	=	620	0	AATATACGTCCTCCTTGCTTGAAAACGTGGGCGCTAATCCAAGTGTATCCAAACAATGAAGTAGTGGAGTGACTC	CCCCCCCCCCCCCCCCCCCCCCCCCCCCCCCCCCCCCCCCCCCCCCCCCCCCCCCCCCCCCCCCCCCCCCCCCCC	AS:i:0	XN:i:0	XM:i:0	XO:i:0	XG:i:0	NM:i:0	MD:Z:75	YT:Z:UP
seq47	353	mini1	47	1	75=	=	621	0	ATATACGTCCTCCTTGCTTGAAAACGTGGGCGCTAATCCAAGTGTATCCAAACAATGAAGTAGTGGAGTGACTCG	CCCCCCCCCCCCCCCCCCCCCCCCCCCCCCCCCCCCCCCCCCCCCCCCCCCCCCCCCCCCCCCCCCCCCCCCCCC	AS:i:0	XN:i:0	XM:i:0	XO:i:0	XG:i:0	NM:i:0	MD:Z:75	YT:Z:UP
seq48	97	mini1	48	1	75=	=	622	0	TATACGTCCTCCTTGCTTGAAAACGTGGGCGCTAATCCAAGTGTATCCAAACAATGAAGTAGTGGAGTGACTCGT	CCCCCCCCCCCCCCCCCCCCCCCCCCCCCCCCCCCCCCCCCCCCCCCCCCCCCCCCCCCCCCCCCCCCCCCCCCC	AS:i:0	XN:i:0	XM:i:0	XO:i:0	XG:i:0	NM:i:0	MD:Z:75	YT:Z:UP
seq49	97	mini1	49	1	75=	=	623	0	ATACGTCCTCCTTGCTTGAAAACGTGGGCGCTAATCCAAGTGTATCCAAACAATGAAGTAGTGGAGTGACTCGTT	CCCCCCCCCCCCCCCCCCCCCCCCCCCCCCCCCCCCCCCCCCCCCCCCCCCCCCCCCCCCCCCCCCCCCCCCCCC	AS:i:0	XN:i:0	XM:i:0	XO:i:0	XG:i:0	NM:i:0	MD:Z:75	YT:Z:UP
seq50	353	mini1	50	1	75=	=	624	0	TACGTCCTCCTTGCTTGAAAACGTGGGCGCTAATCCAAGTGTATCCAAACAATGAAGTAGTGGAGTGACTCGTTA	CCCCCCCCCCCCCCCCCCCCCCCCCCCCCCCCCCCCCCCCCCCCCCCCCCCCCCCCCCCCCCCCCCCCCCCCCCC	AS:i:0	XN:i:0	XM:i:0	XO:i:0	XG:i:0	NM:i:0	MD:Z:75	YT:Z:UP
seq51	97	mini1	51	1	75=	=	625	0	ACGTCCTCCTTGCTTGAAAACGTGGGCGCTAATCCAAGTGTATCCAAACAATGAAGTAGTGGAGTGACTCGTTAA	CCCCCCCCCCCCCCCCCCCCCCCCCCCCCCCCCCCCCCCCCCCCCCCCCCCCCCCCCCCCCCCCCCCCCCCCCCC	AS:i:0	XN:i:0	XM:i:0	XO:i:0	XG:i:0	NM:i:0	MD:Z:75	YT:Z:UP
seq52	353	mini1	52	1	75=	=	626	0	CGTCCTCCTTGCTTGAAAACGTGGGCGCTAATCCAAGTGTATCCAAACAATGAAGTAGTGGAGTGACTCGTTAAG	CCCCCCCCCCCCCCCCCCCCCCCCCCCCCCCCCCCCCCCCCCCCCCCCCCCCCCCCCCCCCCCCCCCCCCCCCCC	AS:i:0	XN:i:0	XM:i:0	XO:i:0	XG:i:0	NM:i:0	MD:Z:75	YT:Z:UP
seq53	353	mini1	53	1	75=	=	627	0	GTCCTCCTTGCTTGAAAACGTGGGCGCTAATCCAAGTGTATCCAAACAATGAAGTAGTGGAGTGACTCGTTAAGG	CCCCCCCCCCCCCCCCCCCCCCCCCCCCCCCCCCCCCCCCCCCCCCCCCCCCCCCCCCCCCCCCCCCCCCCCCCC	AS:i:0	XN:i:0	XM:i:0	XO:i:0	XG:i:0	NM:i:0	MD:Z:75	YT:Z:UP
seq54	353	mini1	54	1	75=	=	628	0	TCCTCCTTGCTTGAAAACGTGGGCGCTAATCCAAGTGTATCCAAACAATGAAGTAGTGGAGTGACTCGTTAAGGC	CCCCCCCCCCCCCCCCCCCCCCCCCCCCCCCCCCCCCCCCCCCCCCCCCCCCCCCCCCCCCCCCCCCCCCCCCCC	AS:i:0	XN:i:0	XM:i:0	XO:i:0	XG:i:0	NM:i:0	MD:Z:75	YT:Z:UP
seq55	97	mini1	55	1	75=	=	629	0	CCTCCTTGCTTGAAAACGTGGGCGCTAATCCAAGTGTATCCAAACAATGAAGTAGTGGAGTGACTCGTTAAGGCG	CCCCCCCCCCCCCCCCCCCCCCCCCCCCCCCCCCCCCCCCCCCCCCCCCCCCCCCCCCCCCCCCCCCCCCCCCCC	AS:i:0	XN:i:0	XM:i:0	XO:i:0	XG:i:0	NM:i:0	MD:Z:75	YT:Z:UP
seq56	353	mini1	56	1	75=	=	630	0	CTCCTTGCTTGAAAACGTGGGCGCTAATCCAAGTGTATCCAAACAATGAAGTAGTGGAGTGACTCGTTAAGGCGT	CCCCCCCCCCCCCCCCCCCCCCCCCCCCCCCCCCCCCCCCCCCCCCCCCCCCCCCCCCCCCCCCCCCCCCCCCCC	AS:i:0	XN:i:0	XM:i:0	XO:i:0	XG:i:0	NM:i:0	MD:Z:75	YT:Z:UP
seq57	97	mini1	57	1	75=	=	631	0	TCCTTGCTTGAAAACGTGGGCGCTAATCCAAGTGTATCCAAACAATGAAGTAGTGGAGTGACTCGTTAAGGCGTC	CCCCCCCCCCCCCCCCCCCCCCCCCCCCCCCCCCCCCCCCCCCCCCCCCCCCCCCCCCCCCCCCCCCCCCCCCCC	AS:i:0	XN:i:0	XM:i:0	XO:i:0	XG:i:0	NM:i:0	MD:Z:75	YT:Z:UP
seq58	97	mini1	58	1	75=	=	632	0	CCTTGCTTGAAAACGTGGGCGCTAATCCAAGTGTATCCAAACAATGAAGTAGTGGAGTGACTCGTTAAGGCGTCT	CCCCCCCCCCCCCCCCCCCCCCCCCCCCCCCCCCCCCCCCCCCCCCCCCCCCCCCCCCCCCCCCCCCCCCCCCCC	AS:i:0	XN:i:0	XM:i:0	XO:i:0	XG:i:0	NM:i:0	MD:Z:75	YT:Z:UP
seq59	353	mini1	59	1	75=	=	633	0	CTTGCTTGAAAACGTGGGCGCTAATCCAAGTGTATCCAAACAATGAAGTAGTGGAGTGACTCGTTAAGGCGTCTG	CCCCCCCCCCCCCCCCCCCCCCCCCCCCCCCCCCCCCCCCCCCCCCCCCCCCCCCCCCCCCCCCCCCCCCCCCCC	AS:i:0	XN:i:0	XM:i:0	XO:i:0	XG:i:0	NM:i:0	MD:Z:75	YT:Z:UP
seq60	97	mini1	60	1	75=	=	634	0	TTGCTTGAAAACGTGGGCGCTAATCCAAGTGTATCCAAACAATGAAGTAGTGGAGTGACTCGTTAAGGCGTCTGA	CCCCCCCCCCCCCCCCCCCCCCCCCCCCCCCCCCCCCCCCCCCCCCCCCCCCCCCCCCCCCCCCCCCCCCCCCCC	AS:i:0	XN:i:0	XM:i:0	XO:i:0	XG:i:0	NM:i:0	MD:Z:75	YT:Z:UP
seq61	353	mini1	61	1	75=	=	635	0	TGCTTGAAAACGTGGGCGCTAATCCAAGTGTATCCAAACAATGAAGTAGTGGAGTGACTCGTTAAGGCGTCTGAC	CCCCCCCCCCCCCCCCCCCCCCCCCCCCCCCCCCCCCCCCCCCCCCCCCCCCCCCCCCCCCCCCCCCCCCCCCCC	AS:i:0	XN:i:0	XM:i:0	XO:i:0	XG:i:0	NM:i:0	MD:Z:75	YT:Z:UP
seq62	353	mini1	62	1	75=	=	636	0	GCTTGAAAACGTGGGCGCTAATCCAAGTGTATCCAAACAATGAAGTAGTGGAGTGACTCGTTAAGGCGTCTGACG	CCCCCCCCCCCCCCCCCCCCCCCCCCCCCCCCCCCCCCCCCCCCCCCCCCCCCCCCCCCCCCCCCCCCCCCCCCC	AS:i:0	XN:i:0	XM:i:0	XO:i:0	XG:i:0	NM:i:0	MD:Z:75	YT:Z:UP
seq63	353	mini1	63	1	75=	=	637	0	CTTGAAAACGTGGGCGCTAATCCAAGTGTATCCAAACAATGAAGTAGTGGAGTGACTCGTTAAGGCGTCTGACGG	CCCCCCCCCCCCCCCCCCCCCCCCCCCCCCCCCCCCCCCCCCCCCCCCCCCCCCCCCCCCCCCCCCCCCCCCCCC	AS:i:0	XN:i:0	XM:i:0	XO:i:0	XG:i:0	NM:i:0	MD:Z:75	YT:Z:UP
seq64	97	mini1	64	1	75=	=	638	0	TTGAAAACGTGGGCGCTAATCCAAGTGTATCCAAACAATGAAGTAGTGGAGTGACTCGTTAAGGCGTCTGACGGG	CCCCCCCCCCCCCCCCCCCCCCCCCCCCCCCCCCCCCCCCCCCCCCCCCCCCCCCCCCCCCCCCCCCCCCCCCCC	AS:i:0	XN:i:0	XM:i:0	XO:i:0	XG:i:0	NM:i:0	MD:Z:75	YT:Z:UP
seq65	97	mini1	65	1	75=	=	639	0	TGAAAACGTGGGCGCTAATCCAAGTGTATCCAAACAATGAAGTAGTGGAGTGACTCGTTAAGGCGTCTGACGGGC	CCCCCCCCCCCCCCCCCCCCCCCCCCCCCCCCCCCCCCCCCCCCCCCCCCCCCCCCCCCCCCCCCCCCCCCCCCC	AS:i:0	XN:i:0	XM:i:0	XO:i:0	XG:i:0	NM:i:0	MD:Z:75	YT:Z:UP
seq66	97	mini1	66	1	75=	=	640	0	GAAAACGTGGGCGCTAATCCAAGTGTATCCAAACAATGAAGTAGTGGAGTGACTCGTTAAGGCGTCTGACGGGCA	CCCCCCCCCCCCCCCCCCCCCCCCCCCCCCCCCCCCCCCCCCCCCCCCCCCCCCCCCCCCCCCCCCCCCCCCCCC	AS:i:0	XN:i:0	XM:i:0	XO:i:0	XG:i:0	NM:i:0	MD:Z:75	YT:Z:UP
seq67	353	mini1	67	1	75=	=	641	0	AAAACGTGGGCGCTAATCCAAGTGTATCCAAACAATGAAGTAGTGGAGTGACTCGTTAAGGCGTCTGACGGGCAG	CCCCCCCCCCCCCCCCCCCCCCCCCCCCCCCCCCCCCCCCCCCCCCCCCCCCCCCCCCCCCCCCCCCCCCCCCCC	AS:i:0	XN:i:0	XM:i:0	XO:i:0	XG:i:0	NM:i:0	MD:Z:75	YT:Z:UP
seq68	97	mini1	68	1	75=	=	642	0	AAACGTGGGCGCTAATCCAAGTGTATCCAAACAATGAAGTAGTGGAGTGACTCGTTAAGGCGTCTGACGGGCAGA	CCCCCCCCCCCCCCCCCCCCCCCCCCCCCCCCCCCCCCCCCCCCCCCCCCCCCCCCCCCCCCCCCCCCCCCCCCC	AS:i:0	XN:i:0	XM:i:0	XO:i:0	XG:i:0	NM:i:0	MD:Z:75	YT:Z:UP
seq69	97	mini1	69	1	75=	=	643	0	AACGTGGGCGCTAATCCAAGTGTATCCAAACAATGAAGTAGTGGAGTGACTCGTTAAGGCGTCTGACGGGCAGAT	CCCCCCCCCCCCCCCCCCCCCCCCCCCCCCCCCCCCCCCCCCCCCCCCCCCCCCCCCCCCCCCCCCCCCCCCCCC	AS:i:0	XN:i:0	XM:i:0	XO:i:0	XG:i:0	NM:i:0	MD:Z:75	YT:Z:UP
seq70	97	mini1	70	1	75=	=	644	0	ACGTGGGCGCTAATCCAAGTGTATCCAAACAATGAAGTAGTGGAGTGACTCGTTAAGGCGTCTGACGGGCAGATT	CCCCCCCCCCCCCCCCCCCCCCCCCCCCCCCCCCCCCCCCCCCCCCCCCCCCCCCCCCCCCCCCCCCCCCCCCCC	AS:i:0	XN:i:0	XM:i:0	XO:i:0	XG:i:0	NM:i:0	MD:Z:75	YT:Z:UP
seq71	353	mini1	71	1	75=	=	645	0	CGTGGGCGCTAATCCAAGTGTATCCAAACAATGAAGTAGTGGAGTGACTCGTTAAGGCGTCTGACGGGCAGATTT	CCCCCCCCCCCCCCCCCCCCCCCCCCCCCCCCCCCCCCCCCCCCCCCCCCCCCCCCCCCCCCCCCCCCCCCCCCC	AS:i:0	XN:i:0	XM:i:0	XO:i:0	XG:i:0	NM:i:0	MD:Z:75	YT:Z:UP
seq72	97	mini1	72	1	75=	=	646	0	GTGGGCGCTAATCCAAGTGTATCCAAACAATGAAGTAGTGGAGTGACTCGTTAAGGCGTCTGACGGGCAGATTTT	CCCCCCCCCCCCCCCCCCCCCCCCCCCCCCCCCCCCCCCCCCCCCCCCCCCCCCCCCCCCCCCCCCCCCCCCCCC	AS:i:0	XN:i:0	XM:i:0	XO:i:0	XG:i:0	NM:i:0	MD:Z:75	YT:Z:UP
seq73	353	mini1	73	1	75=	=	647	0	TGGGCGCTAATCCAAGTGTATCCAAACAATGAAGTAGTGGAGTGACTCGTTAAGGCGTCTGACGGGCAGATTTTT	CCCCCCCCCCCCCCCCCCCCCCCCCCCCCCCCCCCCCCCCCCCCCCCCCCCCCCCCCCCCCCCCCCCCCCCCCCC	AS:i:0	XN:i:0	XM:i:0	XO:i:0	XG:i:0	NM:i:0	MD:Z:75	YT:Z:UP
seq74	97	mini1	74	1	75=	=	648	0	GGGCGCTAATCCAAGTGTATCCAAACAATGAAGTAGTGGAGTGACTCGTTAAGGCGTCTGACGGGCAGATTTTTG	CCCCCCCCCCCCCCCCCCCCCCCCCCCCCCCCCCCCCCCCCCCCCCCCCCCCCCCCCCCCCCCCCCCCCCCCCCC	AS:i:0	XN:i:0	XM:i:0	XO:i:0	XG:i:0	NM:i:0	MD:Z:75	YT:Z:UP
seq75	97	mini1	75	1	75=	=	649	0	GGCGCTAATCCAAGTGTATCCAAACAATGAAGTAGTGGAGTGACTCGTTAAGGCGTCTGACGGGCAGATTTTTGA	CCCCCCCCCCCCCCCCCCCCCCCCCCCCCCCCCCCCCCCCCCCCCCCCCCCCCCCCCCCCCCCCCCCCCCCCCCC	AS:i:0	XN:i:0	XM:i:0	XO:i:0	XG:i:0	NM:i:0	MD:Z:75	YT:Z:UP
seq76	353	mini1	76	1	75=	=	650	0	GCGCTAATCCAAGTGTATCCAAACAATGAAGTAGTGGAGTGACTCGTTAAGGCGTCTGACGGGCAGATTTTTGAA	CCCCCCCCCCCCCCCCCCCCCCCCCCCCCCCCCCCCCCCCCCCCCCCCCCCCCCCCCCCCCCCCCCCCCCCCCCC	AS:i:0	XN:i:0	XM:i:0	XO:i:0	XG:i:0	NM:i:0	MD:Z:75	YT:Z:UP
seq77	97	mini1	77	1	75=	=	651	0	CGCTAATCCAAGTGTATCCAAACAATGAAGTAGTGGAGTGACTCGTTAAGGCGTCTGACGGGCAGATTTTTGAAT	CCCCCCCCCCCCCCCCCCCCCCCCCCCCCCCCCCCCCCCCCCCCCCCCCCCCCCCCCCCCCCCCCCCCCCCCCCC	AS:i:0	XN:i:0	XM:i:0	XO:i:0	XG:i:0	NM:i:0	MD:Z:75	YT:Z:UP
seq78	353	mini1	78	1	75=	=	652	0	GCTAATCCAAGTGTATCCAAACAATGAAGTAGTGGAGTGACTCGTTAAGGCGTCTGACGGGCAGATTTTTGAATT	CCCCCCCCCCCCCCCCCCCCCCCCCCCCCCCCCCCCCCCCCCCCCCCCCCCCCCCCCCCCCCCCCCCCCCCCCCC	AS:i:0	XN:i:0	XM:i:0	XO:i:0	XG:i:0	NM:i:0	MD:Z:75	YT:Z:UP
seq79	353	mini1	79	1	75=	=	653	0	CTAATCCAAGTGTATCCAAACAATGAAGTAGTGGAGTGACTCGTTAAGGCGTCTGACGGGCAGATTTTTGAATTT	CCCCCCCCCCCCCCCCCCCCCCCCCCCCCCCCCCCCCCCCCCCCCCCCCCCCCCCCCCCCCCCCCCCCCCCCCCC	AS:i:0	XN:i:0	XM:i:0	XO:i:0	XG:i:0	NM:i:0	MD:Z:75	YT:Z:UP
seq80	97	mini1	80	1	75=	=	654	0	TAATCCAAGTGTATCCAAACAATGAAGTAGTGGAGTGACTCGTTAAGGCGTCTGACGGGCAGATTTTTGAATTTG	CCCCCCCCCCCCCCCCCCCCCCCCCCCCCCCCCCCCCCCCCCCCCCCCCCCCCCCCCCCCCCCCCCCCCCCCCCC	AS:i:0	XN:i:0	XM:i:0	XO:i:0	XG:i:0	NM:i:0	MD:Z:75	YT:Z:UP
seq81	353	mini1	81	1	75=	=	655	0	AATCCAAGTGTATCCAAACAATGAAGTAGTGGAGTGACTCGTTAAGGCGTCTGACGGGCAGATTTTTGAATTTGC	CCCCCCCCCCCCCCCCCCCCCCCCCCCCCCCCCCCCCCCCCCCCCCCCCCCCCCCCCCCCCCCCCCCCCCCCCCC	AS:i:0	XN:i:0	XM:i:0	XO:i:0	XG:i:0	NM:i:0	MD:Z:75	YT:Z:UP
seq82	353	mini1	82	1	75=	=	656	0	ATCCAAGTGTATCCAAACAATGAAGTAGTGGAGTGACTCGTTAAGGCGTCTGACGGGCAGATTTTTGAATTTGCC	CCCCCCCCCCCCCCCCCCCCCCCCCCCCCCCCCCCCCCCCCCCCCCCCCCCCCCCCCCCCCCCCCCCCCCCCCCC	AS:i:0	XN:i:0	XM:i:0	XO:i:0	XG:i:0	NM:i:0	MD:Z:75	YT:Z:UP
seq83	353	mini1	83	1	75=	=	657	0	TCCAAGTGTATCCAAACAATGAAGTAGTGGAGTGACTCGTTAAGGCGTCTGACGGGCAGATTTTTGAATTTGCCG	CCCCCCCCCCCCCCCCCCCCCCCCCCCCCCCCCCCCCCCCCCCCCCCCCCCCCCCCCCCCCCCCCCCCCCCCCCC	AS:i:0	XN:i:0	XM:i:0	XO:i:0	XG:i:0	NM:i:0	MD:Z:75	YT:Z:UP
seq84	97	mini1	84	1	75=	=	658	0	CCAAGTGTATCCAAACAATGAAGTAGTGGAGTGACTCGTTAAGGCGTCTGACGGGCAGATTTTTGAATTTGCCGA	CCCCCCCCCCCCCCCCCCCCCCCCCCCCCCCCCCCCCCCCCCCCCCCCCCCCCCCCCCCCCCCCCCCCCCCCCCC	AS:i:0	XN:i:0	XM:i:0	XO:i:0	XG:i:0	NM:i:0	MD:Z:75	YT:Z:UP
seq85	353	mini1	85	1	75=	=	659	0	CAAGTGTATCCAAACAATGAAGTAGTGGAGTGACTCGTTAAGGCGTCTGACGGGCAGATTTTTGAATTTGCCGAC	CCCCCCCCCCCCCCCCCCCCCCCCCCCCCCCCCCCCCCCCCCCCCCCCCCCCCCCCCCCCCCCCCCCCCCCCCCC	AS:i:0	XN:i:0	XM:i:0	XO:i:0	XG:i:0	NM:i:0	MD:Z:75	YT:Z:UP
seq86	353	mini1	86	1	75=	=	660	0	AAGTGTATCCAAACAATGAAGTAGTGGAGTGACTCGTTAAGGCGTCTGACGGGCAGATTTTTGAATTTGCCGACT	CCCCCCCCCCCCCCCCCCCCCCCCCCCCCCCCCCCCCCCCCCCCCCCCCCCCCCCCCCCCCCCCCCCCCCCCCCC	AS:i:0	XN:i:0	XM:i:0	XO:i:0	XG:i:0	NM:i:0	MD:Z:75	YT:Z:UP
seq87	97	mini1	87	1	75=	=	661	0	AGTGTATCCAAACAATGAAGTAGTGGAGTGACTCGTTAAGGCGTCTGACGGGCAGATTTTTGAATTTGCCGACTT	CCCCCCCCCCCCCCCCCCCCCCCCCCCCCCCCCCCCCCCCCCCCCCCCCCCCCCCCCCCCCCCCCCCCCCCCCCC	AS:i:0	XN:i:0	XM:i:0	XO:i:0	XG:i:0	NM:i:0	MD:Z:75	YT:Z:UP
seq88	353	mini1	88	1	75=	=	662	0	GTGTATCCAAACAATGAAGTAGTGGAGTGACTCGTTAAGGCGTCTGACGGGCAGATTTTTGAATTTGCCGACTTT	CCCCCCCCCCCCCCCCCCCCCCCCCCCCCCCCCCCCCCCCCCCCCCCCCCCCCCCCCCCCCCCCCCCCCCCCCCC	AS:i:0	XN:i:0	XM:i:0	XO:i:0	XG:i:0	NM:i:0	MD:Z:75	YT:Z:UP
seq89	353	mini1	89	1	75=	=	663	0	TGTATCCAAACAATGAAGTAGTGGAGTGACTCGTTAAGGCGTCTGACGGGCAGATTTTTGAATTTGCCGACTTTG	CCCCCCCCCCCCCCCCCCCCCCCCCCCCCCCCCCCCCCCCCCCCCCCCCCCCCCCCCCCCCCCCCCCCCCCCCCC	AS:i:0	XN:i:0	XM:i:0	XO:i:0	XG:i:0	NM:i:0	MD:Z:75	YT:Z:UP
seq90	97	mini1	90	1	75=	=	664	0	GTATCCAAACAATGAAGTAGTGGAGTGACTCGTTAAGGCGTCTGACGGGCAGATTTTTGAATTTGCCGACTTTGA	CCCCCCCCCCCCCCCCCCCCCCCCCCCCCCCCCCCCCCCCCCCCCCCCCCCCCCCCCCCCCCCCCCCCCCCCCCC	AS:i:0	XN:i:0	XM:i:0	XO:i:0	XG:i:0	NM:i:0	MD:Z:75	YT:Z:UP
seq91	97	mini1	91	1	75=	=	665	0	TATCCAAACAATGAAGTAGTGGAGTGACTCGTTAAGGCGTCTGACGGGCAGATTTTTGAATTTGCCGACTTTGAC	CCCCCCCCCCCCCCCCCCCCCCCCCCCCCCCCCCCCCCCCCCCCCCCCCCCCCCCCCCCCCCCCCCCCCCCCCCC	AS:i:0	XN:i:0	XM:i:0	XO:i:0	XG:i:0	NM:i:0	MD:Z:75	YT:Z:UP
seq92	353	mini1	92	1	75=	=	666	0	ATCCAAACAATGAAGTAGTGGAGTGACTCGTTAAGGCGTCTGACGGGCAGATTTTTGAATTTGCCGACTTTGACA	CCCCCCCCCCCCCCCCCCCCCCCCCCCCCCCCCCCCCCCCCCCCCCCCCCCCCCCCCCCCCCCCCCCCCCCCCCC	AS:i:0	XN:i:0	XM:i:0	XO:i:0	XG:i:0	NM:i:0	MD:Z:75	YT:Z:UP
seq93	353	mini1	93	1	75=	=	667	0	TCCAAACAATGAAGTAGTGGAGTGACTCGTTAAGGCGTCTGACGGGCAGATTTTTGAATTTGCCGACTTTGACAA	CCCCCCCCCCCCCCCCCCCCCCCCCCCCCCCCCCCCCCCCCCCCCCCCCCCCCCCCCCCCCCCCCCCCCCCCCCC	AS:i:0	XN:i:0	XM:i:0	XO:i:0	XG:i:0	NM:i:0	MD:Z:75	YT:Z:UP
seq94	97	mini1	94	1	75=	=	668	0	CCAAACAATGAAGTAGTGGAGTGACTCGTTAAGGCGTCTGACGGGCAGATTTTTGAATTTGCCGACTTTGACAAG	CCCCCCCCCCCCCCCCCCCCCCCCCCCCCCCCCCCCCCCCCCCCCCCCCCCCCCCCCCCCCCCCCCCCCCCCCCC	AS:i:0	XN:i:0	XM:i:0	XO:i:0	XG:i:0	NM:i:0	MD:Z:75	YT:Z:UP
seq95	97	mini1	95	1	75=	=	669	0	CAAACAATGAAGTAGTGGAGTGACTCGTTAAGGCGTCTGACGGGCAGATTTTTGAATTTGCCGACTTTGACAAGA	CCCCCCCCCCCCCCCCCCCCCCCCCCCCCCCCCCCCCCCCCCCCCCCCCCCCCCCCCCCCCCCCCCCCCCCCCCC	AS:i:0	XN:i:0	XM:i:0	XO:i:0	XG:i:0	NM:i:0	MD:Z:75	YT:Z:UP
seq96	353	mini1	96	1	75=	=	670	0	AAACAATGAAGTAGTGGAGTGACTCGTTAAGGCGTCTGACGGGCAGATTTTTGAATTTGCCGACTTTGACAAGAC	CCCCCCCCCCCCCCCCCCCCCCCCCCCCCCCCCCCCCCCCCCCCCCCCCCCCCCCCCCCCCCCCCCCCCCCCCCC	AS:i:0	XN:i:0	XM:i:0	XO:i:0	XG:i:0	NM:i:0	MD:Z:75	YT:Z:UP
seq97	353	mini1	97	1	75=	=	671	0	AACAATGAAGTAGTGGAGTGACTCGTTAAGGCGTCTGACGGGCAGATTTTTGAATTTGCCGACTTTGACAAGACT	CCCCCCCCCCCCCCCCCCCCCCCCCCCCCCCCCCCCCCCCCCCCCCCCCCCCCCCCCCCCCCCCCCCCCCCCCCC	AS:i:0	XN:i:0	XM:i:0	XO:i:0	XG:i:0	NM:i:0	MD:Z:75	YT:Z:UP
seq98	353	mini1	98	1	75=	=	672	0	ACAATGAAGTAGTGGAGTGACTCGTTAAGGCGTCTGACGGGCAGATTTTTGAATTTGCCGACTTTGACAAGACTT	CCCCCCCCCCCCCCCCCCCCCCCCCCCCCCCCCCCCCCCCCCCCCCCCCCCCCCCCCCCCCCCCCCCCCCCCCCC	AS:i:0	XN:i:0	XM:i:0	XO:i:0	XG:i:0	NM:i:0	MD:Z:75	YT:Z:UP
seq99	97	mini1	99	1	75=	=	673	0	CAATGAAGTAGTGGAGTGACTCGTTAAGGCGTCTGACGGGCAGATTTTTGAATTTGCCGACTTTGACAAGACTTA	CCCCCCCCCCCCCCCCCCCCCCCCCCCCCCCCCCCCCCCCCCCCCCCCCCCCCCCCCCCCCCCCCCCCCCCCCCC	AS:i:0	XN:i:0	XM:i:0	XO:i:0	XG:i:0	NM:i:0	MD:Z:75	YT:Z:UP
seq100	97	mini1	100	1	75=	=	674	0	AATGAAGTAGTGGAGTGACTCGTTAAGGCGTCTGACGGGCAGATTTTTGAATTTGCCGACTTTGACAAGACTTAA	CCCCCCCCCCCCCCCCCCCCCCCCCCCCCCCCCCCCCCCCCCCCCCCCCCCCCCCCCCCCCCCCCCCCCCCCCCC	AS:i:0	XN:i:0	XM:i:0	XO:i:0	XG:i:0	NM:i:0	MD:Z:75	YT:Z:UP
seq1	145	mini1	575	255	75=	=	1001001	0	AACTGATCTCCGTGCCGTCCCCCCGAAAGGATTTCTGCGGATCAAGCTAGGGCATAGGCAACAGGCCCCGTGCTA	CCCCCCCCCCCCCCCCCCCCCCCCCCCCCCCCCCCCCCCCCCCCCCCCCCCCCCCCCCCCCCCCCCCCCCCCCCC	AS:i:0	XN:i:0	XM:i:0	XO:i:0	XG:i:0	NM:i:0	MD:Z:75	YT:Z:UP
seq2	145	mini1	576	255	75=	=	2	0	ACTGATCTCCGTGCCGTCCCCCCGAAAGGATTTCTGCGGATCAAGCTAGGGCATAGGCAACAGGCCCCGTGCTAC	CCCCCCCCCCCCCCCCCCCCCCCCCCCCCCCCCCCCCCCCCCCCCCCCCCCCCCCCCCCCCCCCCCCCCCCCCCC	AS:i:0	XN:i:0	XM:i:0	XO:i:0	XG:i:0	NM:i:0	MD:Z:75	YT:Z:UP
seq3	145	mini1	577	255	75=	=	1001003	0	CTGATCTCCGTGCCGTCCCCCCGAAAGGATTTCTGCGGATCAAGCTAGGGCATAGGCAACAGGCCCCGTGCTACA	CCCCCCCCCCCCCCCCCCCCCCCCCCCCCCCCCCCCCCCCCCCCCCCCCCCCCCCCCCCCCCCCCCCCCCCCCCC	AS:i:0	XN:i:0	XM:i:0	XO:i:0	XG:i:0	NM:i:0	MD:Z:75	YT:Z:UP
seq4	145	mini1	578	255	75=	=	1001004	0	TGATCTCCGTGCCGTCCCCCCGAAAGGATTTCTGCGGATCAAGCTAGGGCATAGGCAACAGGCCCCGTGCTACAA	CCCCCCCCCCCCCCCCCCCCCCCCCCCCCCCCCCCCCCCCCCCCCCCCCCCCCCCCCCCCCCCCCCCCCCCCCCC	AS:i:0	XN:i:0	XM:i:0	XO:i:0	XG:i:0	NM:i:0	MD:Z:75	YT:Z:UP
seq5	145	mini1	579	255	75=	=	1001005	0	GATCTCCGTGCCGTCCCCCCGAAAGGATTTCTGCGGATCAAGCTAGGGCATAGGCAACAGGCCCCGTGCTACAAA	CCCCCCCCCCCCCCCCCCCCCCCCCCCCCCCCCCCCCCCCCCCCCCCCCCCCCCCCCCCCCCCCCCCCCCCCCCC	AS:i:0	XN:i:0	XM:i:0	XO:i:0	XG:i:0	NM:i:0	MD:Z:75	YT:Z:UP
seq6	145	mini1	580	255	75=	=	6	0	ATCTCCGTGCCGTCCCCCCGAAAGGATTTCTGCGGATCAAGCTAGGGCATAGGCAACAGGCCCCGTGCTACAAAT	CCCCCCCCCCCCCCCCCCCCCCCCCCCCCCCCCCCCCCCCCCCCCCCCCCCCCCCCCCCCCCCCCCCCCCCCCCC	AS:i:0	XN:i:0	XM:i:0	XO:i:0	XG:i:0	NM:i:0	MD:Z:75	YT:Z:UP
seq7	145	mini1	581	255	75=	=	1001007	0	TCTCCGTGCCGTCCCCCCGAAAGGATTTCTGCGGATCAAGCTAGGGCATAGGCAACAGGCCCCGTGCTACAAATT	CCCCCCCCCCCCCCCCCCCCCCCCCCCCCCCCCCCCCCCCCCCCCCCCCCCCCCCCCCCCCCCCCCCCCCCCCCC	AS:i:0	XN:i:0	XM:i:0	XO:i:0	XG:i:0	NM:i:0	MD:Z:75	YT:Z:UP
seq8	145	mini1	582	255	75=	=	8	0	CTCCGTGCCGTCCCCCCGAAAGGATTTCTGCGGATCAAGCTAGGGCATAGGCAACAGGCCCCGTGCTACAAATTC	CCCCCCCCCCCCCCCCCCCCCCCCCCCCCCCCCCCCCCCCCCCCCCCCCCCCCCCCCCCCCCCCCCCCCCCCCCC	AS:i:0	XN:i:0	XM:i:0	XO:i:0	XG:i:0	NM:i:0	MD:Z:75	YT:Z:UP
seq9	145	mini1	583	255	75=	=	1001009	0	TCCGTGCCGTCCCCCCGAAAGGATTTCTGCGGATCAAGCTAGGGCATAGGCAACAGGCCCCGTGCTACAAATTCA	CCCCCCCCCCCCCCCCCCCCCCCCCCCCCCCCCCCCCCCCCCCCCCCCCCCCCCCCCCCCCCCCCCCCCCCCCCC	AS:i:0	XN:i:0	XM:i:0	XO:i:0	XG:i:0	NM:i:0	MD:Z:75	YT:Z:UP
seq10	145	mini1	584	255	75=	=	1001010	0	CCGTGCCGTCCCCCCGAAAGGATTTCTGCGGATCAAGCTAGGGCATAGGCAACAGGCCCCGTGCTACAAATTCAT	CCCCCCCCCCCCCCCCCCCCCCCCCCCCCCCCCCCCCCCCCCCCCCCCCCCCCCCCCCCCCCCCCCCCCCCCCCC	AS:i:0	XN:i:0	XM:i:0	XO:i:0	XG:i:0	NM:i:0	MD:Z:75	YT:Z:UP
seq11	145	mini1	585	255	75=	=	11	0	CGTGCCGTCCCCCCGAAAGGATTTCTGCGGATCAAGCTAGGGCATAGGCAACAGGCCCCGTGCTACAAATTCATT	CCCCCCCCCCCCCCCCCCCCCCCCCCCCCCCCCCCCCCCCCCCCCCCCCCCCCCCCCCCCCCCCCCCCCCCCCCC	AS:i:0	XN:i:0	XM:i:0	XO:i:0	XG:i:0	NM:i:0	MD:Z:75	YT:Z:UP
seq12	145	mini1	586	255	75=	=	12	0	GTGCCGTCCCCCCGAAAGGATTTCTGCGGATCAAGCTAGGGCATAGGCAACAGGCCCCGTGCTACAAATTCATTT	CCCCCCCCCCCCCCCCCCCCCCCCCCCCCCCCCCCCCCCCCCCCCCCCCCCCCCCCCCCCCCCCCCCCCCCCCCC	AS:i:0	XN:i:0	XM:i:0	XO:i:0	XG:i:0	NM:i:0	MD:Z:75	YT:Z:UP
seq13	145	mini1	587	255	75=	=	13	0	TGCCGTCCCCCCGAAAGGATTTCTGCGGATCAAGCTAGGGCATAGGCAACAGGCCCCGTGCTACAAATTCATTTT	CCCCCCCCCCCCCCCCCCCCCCCCCCCCCCCCCCCCCCCCCCCCCCCCCCCCCCCCCCCCCCCCCCCCCCCCCCC	AS:i:0	XN:i:0	XM:i:0	XO:i:0	XG:i:0	NM:i:0	MD:Z:75	YT:Z:UP
seq14	145	mini1	588	255	75=	=	1001014	0	GCCGTCCCCCCGAAAGGATTTCTGCGGATCAAGCTAGGGCATAGGCAACAGGCCCCGTGCTACAAATTCATTTTT	CCCCCCCCCCCCCCCCCCCCCCCCCCCCCCCCCCCCCCCCCCCCCCCCCCCCCCCCCCCCCCCCCCCCCCCCCCC	AS:i:0	XN:i:0	XM:i:0	XO:i:0	XG:i:0	NM:i:0	MD:Z:75	YT:Z:UP
seq15	145	mini1	589	255	75=	=	1001015	0	CCGTCCCCCCGAAAGGATTTCTGCGGATCAAGCTAGGGCATAGGCAACAGGCCCCGTGCTACAAATTCATTTTTC	CCCCCCCCCCCCCCCCCCCCCCCCCCCCCCCCCCCCCCCCCCCCCCCCCCCCCCCCCCCCCCCCCCCCCCCCCCC	AS:i:0	XN:i:0	XM:i:0	XO:i:0	XG:i:0	NM:i:0	MD:Z:75	YT:Z:UP
seq16	145	mini1	590	255	75=	=	1001016	0	CGTCCCCCCGAAAGGATTTCTGCGGATCAAGCTAGGGCATAGGCAACAGGCCCCGTGCTACAAATTCATTTTTCG	CCCCCCCCCCCCCCCCCCCCCCCCCCCCCCCCCCCCCCCCCCCCCCCCCCCCCCCCCCCCCCCCCCCCCCCCCCC	AS:i:0	XN:i:0	XM:i:0	XO:i:0	XG:i:0	NM:i:0	MD:Z:75	YT:Z:UP
seq17	145	mini1	591	255	75=	=	17	0	GTCCCCCCGAAAGGATTTCTGCGGATCAAGCTAGGGCATAGGCAACAGGCCCCGTGCTACAAATTCATTTTTCGT	CCCCCCCCCCCCCCCCCCCCCCCCCCCCCCCCCCCCCCCCCCCCCCCCCCCCCCCCCCCCCCCCCCCCCCCCCCC	AS:i:0	XN:i:0	XM:i:0	XO:i:0	XG:i:0	NM:i:0	MD:Z:75	YT:Z:UP
seq18	145	mini1	592	255	75=	=	18	0	TCCCCCCGAAAGGATTTCTGCGGATCAAGCTAGGGCATAGGCAACAGGCCCCGTGCTACAAATTCATTTTTCGTG	CCCCCCCCCCCCCCCCCCCCCCCCCCCCCCCCCCCCCCCCCCCCCCCCCCCCCCCCCCCCCCCCCCCCCCCCCCC	AS:i:0	XN:i:0	XM:i:0	XO:i:0	XG:i:0	NM:i:0	MD:Z:75	YT:Z:UP
seq19	145	mini1	593	255	75=	=	1001019	0	CCCCCCGAAAGGATTTCTGCGGATCAAGCTAGGGCATAGGCAACAGGCCCCGTGCTACAAATTCATTTTTCGTGG	CCCCCCCCCCCCCCCCCCCCCCCCCCCCCCCCCCCCCCCCCCCCCCCCCCCCCCCCCCCCCCCCCCCCCCCCCCC	AS:i:0	XN:i:0	XM:i:0	XO:i:0	XG:i:0	NM:i:0	MD:Z:75	YT:Z:UP
seq20	145	mini1	594	255	75=	=	1001020	0	CCCCCGAAAGGATTTCTGCGGATCAAGCTAGGGCATAGGCAACAGGCCCCGTGCTACAAATTCATTTTTCGTGGG	CCCCCCCCCCCCCCCCCCCCCCCCCCCCCCCCCCCCCCCCCCCCCCCCCCCCCCCCCCCCCCCCCCCCCCCCCCC	AS:i:0	XN:i:0	XM:i:0	XO:i:0	XG:i:0	NM:i:0	MD:Z:75	YT:Z:UP
seq21	145	mini1	595	255	75=	=	21	0	CCCCGAAAGGATTTCTGCGGATCAAGCTAGGGCATAGGCAACAGGCCCCGTGCTACAAATTCATTTTTCGTGGGT	CCCCCCCCCCCCCCCCCCCCCCCCCCCCCCCCCCCCCCCCCCCCCCCCCCCCCCCCCCCCCCCCCCCCCCCCCCC	AS:i:0	XN:i:0	XM:i:0	XO:i:0	XG:i:0	NM:i:0	MD:Z:75	YT:Z:UP
seq22	145	mini1	596	255	75=	=	1001022	0	CCCGAAAGGATTTCTGCGGATCAAGCTAGGGCATAGGCAACAGGCCCCGTGCTACAAATTCATTTTTCGTGGGTT	CCCCCCCCCCCCCCCCCCCCCCCCCCCCCCCCCCCCCCCCCCCCCCCCCCCCCCCCCCCCCCCCCCCCCCCCCCC	AS:i:0	XN:i:0	XM:i:0	XO:i:0	XG:i:0	NM:i:0	MD:Z:75	YT:Z:UP
seq23	145	mini1	597	255	75=	=	1001023	0	CCGAAAGGATTTCTGCGGATCAAGCTAGGGCATAGGCAACAGGCCCCGTGCTACAAATTCATTTTTCGTGGGTTT	CCCCCCCCCCCCCCCCCCCCCCCCCCCCCCCCCCCCCCCCCCCCCCCCCCCCCCCCCCCCCCCCCCCCCCCCCCC	AS:i:0	XN:i:0	XM:i:0	XO:i:0	XG:i:0	NM:i:0	MD:Z:75	YT:Z:UP
seq24	145	mini1	598	255	75=	=	24	0	CGAAAGGATTTCTGCGGATCAAGCTAGGGCATAGGCAACAGGCCCCGTGCTACAAATTCATTTTTCGTGGGTTTT	CCCCCCCCCCCCCCCCCCCCCCCCCCCCCCCCCCCCCCCCCCCCCCCCCCCCCCCCCCCCCCCCCCCCCCCCCCC	AS:i:0	XN:i:0	XM:i:0	XO:i:0	XG:i:0	NM:i:0	MD:Z:75	YT:Z:UP
seq25	145	mini1	599	255	75=	=	25	0	GAAAGGATTTCTGCGGATCAAGCTAGGGCATAGGCAACAGGCCCCGTGCTACAAATTCATTTTTCGTGGGTTTTT	CCCCCCCCCCCCCCCCCCCCCCCCCCCCCCCCCCCCCCCCCCCCCCCCCCCCCCCCCCCCCCCCCCCCCCCCCCC	AS:i:0	XN:i:0	XM:i:0	XO:i:0	XG:i:0	NM:i:0	MD:Z:75	YT:Z:UP
seq26	145	mini1	600	255	75=	=	26	0	AAAGGATTTCTGCGGATCAAGCTAGGGCATAGGCAACAGGCCCCGTGCTACAAATTCATTTTTCGTGGGTTTTTC	CCCCCCCCCCCCCCCCCCCCCCCCCCCCCCCCCCCCCCCCCCCCCCCCCCCCCCCCCCCCCCCCCCCCCCCCCCC	AS:i:0	XN:i:0	XM:i:0	XO:i:0	XG:i:0	NM:i:0	MD:Z:75	YT:Z:UP
seq27	145	mini1	601	255	75=	=	1001027	0	AAGGATTTCTGCGGATCAAGCTAGGGCATAGGCAACAGGCCCCGTGCTACAAATTCATTTTTCGTGGGTTTTTCT	CCCCCCCCCCCCCCCCCCCCCCCCCCCCCCCCCCCCCCCCCCCCCCCCCCCCCCCCCCCCCCCCCCCCCCCCCCC	AS:i:0	XN:i:0	XM:i:0	XO:i:0	XG:i:0	NM:i:0	MD:Z:75	YT:Z:UP
seq28	145	mini1	602	255	75=	=	28	0	AGGATTTCTGCGGATCAAGCTAGGGCATAGGCAACAGGCCCCGTGCTACAAATTCATTTTTCGTGGGTTTTTCTC	CCCCCCCCCCCCCCCCCCCCCCCCCCCCCCCCCCCCCCCCCCCCCCCCCCCCCCCCCCCCCCCCCCCCCCCCCCC	AS:i:0	XN:i:0	XM:i:0	XO:i:0	XG:i:0	NM:i:0	MD:Z:75	YT:Z:UP
seq29	145	mini1	603	255	75=	=	29	0	GGATTTCTGCGGATCAAGCTAGGGCATAGGCAACAGGCCCCGTGCTACAAATTCATTTTTCGTGGGTTTTTCTCC	CCCCCCCCCCCCCCCCCCCCCCCCCCCCCCCCCCCCCCCCCCCCCCCCCCCCCCCCCCCCCCCCCCCCCCCCCCC	AS:i:0	XN:i:0	XM:i:0	XO:i:0	XG:i:0	NM:i:0	MD:Z:75	YT:Z:UP
seq30	145	mini1	604	255	75=	=	1001030	0	GATTTCTGCGGATCAAGCTAGGGCATAGGCAACAGGCCCCGTGCTACAAATTCATTTTTCGTGGGTTTTTCTCCG	CCCCCCCCCCCCCCCCCCCCCCCCCCCCCCCCCCCCCCCCCCCCCCCCCCCCCCCCCCCCCCCCCCCCCCCCCCC	AS:i:0	XN:i:0	XM:i:0	XO:i:0	XG:i:0	NM:i:0	MD:Z:75	YT:Z:UP
seq31	145	mini1	605	255	75=	=	31	0	ATTTCTGCGGATCAAGCTAGGGCATAGGCAACAGGCCCCGTGCTACAAATTCATTTTTCGTGGGTTTTTCTCCGT	CCCCCCCCCCCCCCCCCCCCCCCCCCCCCCCCCCCCCCCCCCCCCCCCCCCCCCCCCCCCCCCCCCCCCCCCCCC	AS:i:0	XN:i:0	XM:i:0	XO:i:0	XG:i:0	NM:i:0	MD:Z:75	YT:Z:UP
seq32	145	mini1	606	255	75=	=	1001032	0	TTTCTGCGGATCAAGCTAGGGCATAGGCAACAGGCCCCGTGCTACAAATTCATTTTTCGTGGGTTTTTCTCCGTG	CCCCCCCCCCCCCCCCCCCCCCCCCCCCCCCCCCCCCCCCCCCCCCCCCCCCCCCCCCCCCCCCCCCCCCCCCCC	AS:i:0	XN:i:0	XM:i:0	XO:i:0	XG:i:0	NM:i:0	MD:Z:75	YT:Z:UP
seq33	145	mini1	607	255	75=	=	1001033	0	TTCTGCGGATCAAGCTAGGGCATAGGCAACAGGCCCCGTGCTACAAATTCATTTTTCGTGGGTTTTTCTCCGTGC	CCCCCCCCCCCCCCCCCCCCCCCCCCCCCCCCCCCCCCCCCCCCCCCCCCCCCCCCCCCCCCCCCCCCCCCCCCC	AS:i:0	XN:i:0	XM:i:0	XO:i:0	XG:i:0	NM:i:0	MD:Z:75	YT:Z:UP
seq34	145	mini1	608	255	75=	=	1001034	0	TCTGCGGATCAAGCTAGGGCATAGGCAACAGGCCCCGTGCTACAAATTCATTTTTCGTGGGTTTTTCTCCGTGCC	CCCCCCCCCCCCCCCCCCCCCCCCCCCCCCCCCCCCCCCCCCCCCCCCCCCCCCCCCCCCCCCCCCCCCCCCCCC	AS:i:0	XN:i:0	XM:i:0	XO:i:0	XG:i:0	NM:i:0	MD:Z:75	YT:Z:UP
seq35	145	mini1	609	255	75=	=	1001035	0	CTGCGGATCAAGCTAGGGCATAGGCAACAGGCCCCGTGCTACAAATTCATTTTTCGTGGGTTTTTCTCCGTGCCA	CCCCCCCCCCCCCCCCCCCCCCCCCCCCCCCCCCCCCCCCCCCCCCCCCCCCCCCCCCCCCCCCCCCCCCCCCCC	AS:i:0	XN:i:0	XM:i:0	XO:i:0	XG:i:0	NM:i:0	MD:Z:75	YT:Z:UP
seq36	145	mini1	610	255	75=	=	1001036	0	TGCGGATCAAGCTAGGGCATAGGCAACAGGCCCCGTGCTACAAATTCATTTTTCGTGGGTTTTTCTCCGTGCCAT	CCCCCCCCCCCCCCCCCCCCCCCCCCCCCCCCCCCCCCCCCCCCCCCCCCCCCCCCCCCCCCCCCCCCCCCCCCC	AS:i:0	XN:i:0	XM:i:0	XO:i:0	XG:i:0	NM:i:0	MD:Z:75	YT:Z:UP
seq37	145	mini1	611	255	75=	=	1001037	0	GCGGATCAAGCTAGGGCATAGGCAACAGGCCCCGTGCTACAAATTCATTTTTCGTGGGTTTTTCTCCGTGCCATA	CCCCCCCCCCCCCCCCCCCCCCCCCCCCCCCCCCCCCCCCCCCCCCCCCCCCCCCCCCCCCCCCCCCCCCCCCCC	AS:i:0	XN:i:0	XM:i:0	XO:i:0	XG:i:0	NM:i:0	MD:Z:75	YT:Z:UP
seq38	145	mini1	612	255	75=	=	1001038	0	CGGATCAAGCTAGGGCATAGGCAACAGGCCCCGTGCTACAAATTCATTTTTCGTGGGTTTTTCTCCGTGCCATAG	CCCCCCCCCCCCCCCCCCCCCCCCCCCCCCCCCCCCCCCCCCCCCCCCCCCCCCCCCCCCCCCCCCCCCCCCCCC	AS:i:0	XN:i:0	XM:i:0	XO:i:0	XG:i:0	NM:i:0	MD:Z:75	YT:Z:UP
seq39	145	mini1	613	255	75=	=	1001039	0	GGATCAAGCTAGGGCATAGGCAACAGGCCCCGTGCTACAAATTCATTTTTCGTGGGTTTTTCTCCGTGCCATAGA	CCCCCCCCCCCCCCCCCCCCCCCCCCCCCCCCCCCCCCCCCCCCCCCCCCCCCCCCCCCCCCCCCCCCCCCCCCC	AS:i:0	XN:i:0	XM:i:0	XO:i:0	XG:i:0	NM:i:0	MD:Z:75	YT:Z:UP
seq40	145	mini1	614	255	75=	=	1001040	0	GATCAAGCTAGGGCATAGGCAACAGGCCCCGTGCTACAAATTCATTTTTCGTGGGTTTTTCTCCGTGCCATAGAG	CCCCCCCCCCCCCCCCCCCCCCCCCCCCCCCCCCCCCCCCCCCCCCCCCCCCCCCCCCCCCCCCCCCCCCCCCCC	AS:i:0	XN:i:0	XM:i:0	XO:i:0	XG:i:0	NM:i:0	MD:Z:75	YT:Z:UP
seq41	145	mini1	615	255	75=	=	1001041	0	ATCAAGCTAGGGCATAGGCAACAGGCCCCGTGCTACAAATTCATTTTTCGTGGGTTTTTCTCCGTGCCATAGAGT	CCCCCCCCCCCCCCCCCCCCCCCCCCCCCCCCCCCCCCCCCCCCCCCCCCCCCCCCCCCCCCCCCCCCCCCCCCC	AS:i:0	XN:i:0	XM:i:0	XO:i:0	XG:i:0	NM:i:0	MD:Z:75	YT:Z:UP
seq42	145	mini1	616	255	75=	=	1001042	0	TCAAGCTAGGGCATAGGCAACAGGCCCCGTGCTACAAATTCATTTTTCGTGGGTTTTTCTCCGTGCCATAGAGTT	CCCCCCCCCCCCCCCCCCCCCCCCCCCCCCCCCCCCCCCCCCCCCCCCCCCCCCCCCCCCCCCCCCCCCCCCCCC	AS:i:0	XN:i:0	XM:i:0	XO:i:0	XG:i:0	NM:i:0	MD:Z:75	YT:Z:UP
seq43	145	mini1	617	255	75=	=	43	0	CAAGCTAGGGCATAGGCAACAGGCCCCGTGCTACAAATTCATTTTTCGTGGGTTTTTCTCCGTGCCATAGAGTTA	CCCCCCCCCCCCCCCCCCCCCCCCCCCCCCCCCCCCCCCCCCCCCCCCCCCCCCCCCCCCCCCCCCCCCCCCCCC	AS:i:0	XN:i:0	XM:i:0	XO:i:0	XG:i:0	NM:i:0	MD:Z:75	YT:Z:UP
seq44	145	mini1	618	255	75=	=	1001044	0	AAGCTAGGGCATAGGCAACAGGCCCCGTGCTACAAATTCATTTTTCGTGGGTTTTTCTCCGTGCCATAGAGTTAG	CCCCCCCCCCCCCCCCCCCCCCCCCCCCCCCCCCCCCCCCCCCCCCCCCCCCCCCCCCCCCCCCCCCCCCCCCCC	AS:i:0	XN:i:0	XM:i:0	XO:i:0	XG:i:0	NM:i:0	MD:Z:75	YT:Z:UP
seq45	145	mini1	619	255	75=	=	45	0	AGCTAGGGCATAGGCAACAGGCCCCGTGCTACAAATTCATTTTTCGTGGGTTTTTCTCCGTGCCATAGAGTTAGC	CCCCCCCCCCCCCCCCCCCCCCCCCCCCCCCCCCCCCCCCCCCCCCCCCCCCCCCCCCCCCCCCCCCCCCCCCCC	AS:i:0	XN:i:0	XM:i:0	XO:i:0	XG:i:0	NM:i:0	MD:Z:75	YT:Z:UP
seq46	145	mini1	620	255	75=	=	46	0	GCTAGGGCATAGGCAACAGGCCCCGTGCTACAAATTCATTTTTCGTGGGTTTTTCTCCGTGCCATAGAGTTAGCT	CCCCCCCCCCCCCCCCCCCCCCCCCCCCCCCCCCCCCCCCCCCCCCCCCCCCCCCCCCCCCCCCCCCCCCCCCCC	AS:i:0	XN:i:0	XM:i:0	XO:i:0	XG:i:0	NM:i:0	MD:Z:75	YT:Z:UP
seq47	145	mini1	621	255	75=	=	1001047	0	CTAGGGCATAGGCAACAGGCCCCGTGCTACAAATTCATTTTTCGTGGGTTTTTCTCCGTGCCATAGAGTTAGCTT	CCCCCCCCCCCCCCCCCCCCCCCCCCCCCCCCCCCCCCCCCCCCCCCCCCCCCCCCCCCCCCCCCCCCCCCCCCC	AS:i:0	XN:i:0	XM:i:0	XO:i:0	XG:i:0	NM:i:0	MD:Z:75	YT:Z:UP
seq48	145	mini1	622	255	75=	=	48	0	TAGGGCATAGGCAACAGGCCCCGTGCTACAAATTCATTTTTCGTGGGTTTTTCTCCGTGCCATAGAGTTAGCTTT	CCCCCCCCCCCCCCCCCCCCCCCCCCCCCCCCCCCCCCCCCCCCCCCCCCCCCCCCCCCCCCCCCCCCCCCCCCC	AS:i:0	XN:i:0	XM:i:0	XO:i:0	XG:i:0	NM:i:0	MD:Z:75	YT:Z:UP
seq49	145	mini1	623	255	75=	=	49	0	AGGGCATAGGCAACAGGCCCCGTGCTACAAATTCATTTTTCGTGGGTTTTTCTCCGTGCCATAGAGTTAGCTTTT	CCCCCCCCCCCCCCCCCCCCCCCCCCCCCCCCCCCCCCCCCCCCCCCCCCCCCCCCCCCCCCCCCCCCCCCCCCC	AS:i:0	XN:i:0	XM:i:0	XO:i:0	XG:i:0	NM:i:0	MD:Z:75	YT:Z:UP
seq50	145	mini1	624	255	75=	=	1001050	0	GGGCATAGGCAACAGGCCCCGTGCTACAAATTCATTTTTCGTGGGTTTTTCTCCGTGCCATAGAGTTAGCTTTTA	CCCCCCCCCCCCCCCCCCCCCCCCCCCCCCCCCCCCCCCCCCCCCCCCCCCCCCCCCCCCCCCCCCCCCCCCCCC	AS:i:0	XN:i:0	XM:i:0	XO:i:0	XG:i:0	NM:i:0	MD:Z:75	YT:Z:UP
seq51	145	mini1	625	255	75=	=	51	0	GGCATAGGCAACAGGCCCCGTGCTACAAATTCATTTTTCGTGGGTTTTTCTCCGTGCCATAGAGTTAGCTTTTAA	CCCCCCCCCCCCCCCCCCCCCCCCCCCCCCCCCCCCCCCCCCCCCCCCCCCCCCCCCCCCCCCCCCCCCCCCCCC	AS:i:0	XN:i:0	XM:i:0	XO:i:0	XG:i:0	NM:i:0	MD:Z:75	YT:Z:UP
seq52	145	mini1	626	255	75=	=	1001052	0	GCATAGGCAACAGGCCCCGTGCTACAAATTCATTTTTCGTGGGTTTTTCTCCGTGCCATAGAGTTAGCTTTTAAT	CCCCCCCCCCCCCCCCCCCCCCCCCCCCCCCCCCCCCCCCCCCCCCCCCCCCCCCCCCCCCCCCCCCCCCCCCCC	AS:i:0	XN:i:0	XM:i:0	XO:i:0	XG:i:0	NM:i:0	MD:Z:75	YT:Z:UP
seq53	145	mini1	627	255	75=	=	1001053	0	CATAGGCAACAGGCCCCGTGCTACAAATTCATTTTTCGTGGGTTTTTCTCCGTGCCATAGAGTTAGCTTTTAATT	CCCCCCCCCCCCCCCCCCCCCCCCCCCCCCCCCCCCCCCCCCCCCCCCCCCCCCCCCCCCCCCCCCCCCCCCCCC	AS:i:0	XN:i:0	XM:i:0	XO:i:0	XG:i:0	NM:i:0	MD:Z:75	YT:Z:UP
seq54	145	mini1	628	255	75=	=	1001054	0	ATAGGCAACAGGCCCCGTGCTACAAATTCATTTTTCGTGGGTTTTTCTCCGTGCCATAGAGTTAGCTTTTAATTA	CCCCCCCCCCCCCCCCCCCCCCCCCCCCCCCCCCCCCCCCCCCCCCCCCCCCCCCCCCCCCCCCCCCCCCCCCCC	AS:i:0	XN:i:0	XM:i:0	XO:i:0	XG:i:0	NM:i:0	MD:Z:75	YT:Z:UP
seq55	145	mini1	629	255	75=	=	55	0	TAGGCAACAGGCCCCGTGCTACAAATTCATTTTTCGTGGGTTTTTCTCCGTGCCATAGAGTTAGCTTTTAATTAC	CCCCCCCCCCCCCCCCCCCCCCCCCCCCCCCCCCCCCCCCCCCCCCCCCCCCCCCCCCCCCCCCCCCCCCCCCCC	AS:i:0	XN:i:0	XM:i:0	XO:i:0	XG:i:0	NM:i:0	MD:Z:75	YT:Z:UP
seq56	145	mini1	630	255	75=	=	1001056	0	AGGCAACAGGCCCCGTGCTACAAATTCATTTTTCGTGGGTTTTTCTCCGTGCCATAGAGTTAGCTTTTAATTACT	CCCCCCCCCCCCCCCCCCCCCCCCCCCCCCCCCCCCCCCCCCCCCCCCCCCCCCCCCCCCCCCCCCCCCCCCCCC	AS:i:0	XN:i:0	XM:i:0	XO:i:0	XG:i:0	NM:i:0	MD:Z:75	YT:Z:UP
seq57	145	mini1	631	255	75=	=	57	0	GGCAACAGGCCCCGTGCTACAAATTCATTTTTCGTGGGTTTTTCTCCGTGCCATAGAGTTAGCTTTTAATTACTA	CCCCCCCCCCCCCCCCCCCCCCCCCCCCCCCCCCCCCCCCCCCCCCCCCCCCCCCCCCCCCCCCCCCCCCCCCCC	AS:i:0	XN:i:0	XM:i:0	XO:i:0	XG:i:0	NM:i:0	MD:Z:75	YT:Z:UP
seq58	145	mini1	632	255	75=	=	58	0	GCAACAGGCCCCGTGCTACAAATTCATTTTTCGTGGGTTTTTCTCCGTGCCATAGAGTTAGCTTTTAATTACTAC	CCCCCCCCCCCCCCCCCCCCCCCCCCCCCCCCCCCCCCCCCCCCCCCCCCCCCCCCCCCCCCCCCCCCCCCCCCC	AS:i:0	XN:i:0	XM:i:0	XO:i:0	XG:i:0	NM:i:0	MD:Z:75	YT:Z:UP
seq59	145	mini1	633	255	75=	=	1001059	0	CAACAGGCCCCGTGCTACAAATTCATTTTTCGTGGGTTTTTCTCCGTGCCATAGAGTTAGCTTTTAATTACTACA	CCCCCCCCCCCCCCCCCCCCCCCCCCCCCCCCCCCCCCCCCCCCCCCCCCCCCCCCCCCCCCCCCCCCCCCCCCC	AS:i:0	XN:i:0	XM:i:0	XO:i:0	XG:i:0	NM:i:0	MD:Z:75	YT:Z:UP
seq60	145	mini1	634	255	75=	=	60	0	AACAGGCCCCGTGCTACAAATTCATTTTTCGTGGGTTTTTCTCCGTGCCATAGAGTTAGCTTTTAATTACTACAC	CCCCCCCCCCCCCCCCCCCCCCCCCCCCCCCCCCCCCCCCCCCCCCCCCCCCCCCCCCCCCCCCCCCCCCCCCCC	AS:i:0	XN:i:0	XM:i:0	XO:i:0	XG:i:0	NM:i:0	MD:Z:75	YT:Z:UP
seq61	145	mini1	635	255	75=	=	1001061	0	ACAGGCCCCGTGCTACAAATTCATTTTTCGTGGGTTTTTCTCCGTGCCATAGAGTTAGCTTTTAATTACTACACC	CCCCCCCCCCCCCCCCCCCCCCCCCCCCCCCCCCCCCCCCCCCCCCCCCCCCCCCCCCCCCCCCCCCCCCCCCCC	AS:i:0	XN:i:0	XM:i:0	XO:i:0	XG:i:0	NM:i:0	MD:Z:75	YT:Z:UP
seq62	145	mini1	636	255	75=	=	1001062	0	CAGGCCCCGTGCTACAAATTCATTTTTCGTGGGTTTTTCTCCGTGCCATAGAGTTAGCTTTTAATTACTACACCG	CCCCCCCCCCCCCCCCCCCCCCCCCCCCCCCCCCCCCCCCCCCCCCCCCCCCCCCCCCCCCCCCCCCCCCCCCCC	AS:i:0	XN:i:0	XM:i:0	XO:i:0	XG:i:0	NM:i:0	MD:Z:75	YT:Z:UP
seq63	145	mini1	637	255	75=	=	1001063	0	AGGCCCCGTGCTACAAATTCATTTTTCGTGGGTTTTTCTCCGTGCCATAGAGTTAGCTTTTAATTACTACACCGC	CCCCCCCCCCCCCCCCCCCCCCCCCCCCCCCCCCCCCCCCCCCCCCCCCCCCCCCCCCCCCCCCCCCCCCCCCCC	AS:i:0	XN:i:0	XM:i:0	XO:i:0	XG:i:0	NM:i:0	MD:Z:75	YT:Z:UP
seq64	145	mini1	638	255	75=	=	64	0	GGCCCCGTGCTACAAATTCATTTTTCGTGGGTTTTTCTCCGTGCCATAGAGTTAGCTTTTAATTACTACACCGCG	CCCCCCCCCCCCCCCCCCCCCCCCCCCCCCCCCCCCCCCCCCCCCCCCCCCCCCCCCCCCCCCCCCCCCCCCCCC	AS:i:0	XN:i:0	XM:i:0	XO:i:0	XG:i:0	NM:i:0	MD:Z:75	YT:Z:UP
seq65	145	mini1	639	255	75=	=	65	0	GCCCCGTGCTACAAATTCATTTTTCGTGGGTTTTTCTCCGTGCCATAGAGTTAGCTTTTAATTACTACACCGCGG	CCCCCCCCCCCCCCCCCCCCCCCCCCCCCCCCCCCCCCCCCCCCCCCCCCCCCCCCCCCCCCCCCCCCCCCCCCC	AS:i:0	XN:i:0	XM:i:0	XO:i:0	XG:i:0	NM:i:0	MD:Z:75	YT:Z:UP
seq66	145	mini1	640	255	75=	=	66	0	CCCCGTGCTACAAATTCATTTTTCGTGGGTTTTTCTCCGTGCCATAGAGTTAGCTTTTAATTACTACACCGCGGG	CCCCCCCCCCCCCCCCCCCCCCCCCCCCCCCCCCCCCCCCCCCCCCCCCCCCCCCCCCCCCCCCCCCCCCCCCCC	AS:i:0	XN:i:0	XM:i:0	XO:i:0	XG:i:0	NM:i:0	MD:Z:75	YT:Z:UP
seq67	145	mini1	641	255	75=	=	1001067	0	CCCGTGCTACAAATTCATTTTTCGTGGGTTTTTCTCCGTGCCATAGAGTTAGCTTTTAATTACTACACCGCGGGC	CCCCCCCCCCCCCCCCCCCCCCCCCCCCCCCCCCCCCCCCCCCCCCCCCCCCCCCCCCCCCCCCCCCCCCCCCCC	AS:i:0	XN:i:0	XM:i:0	XO:i:0	XG:i:0	NM:i:0	MD:Z:75	YT:Z:UP
seq68	145	mini1	642	255	75=	=	68	0	CCGTGCTACAAATTCATTTTTCGTGGGTTTTTCTCCGTGCCATAGAGTTAGCTTTTAATTACTACACCGCGGGCT	CCCCCCCCCCCCCCCCCCCCCCCCCCCCCCCCCCCCCCCCCCCCCCCCCCCCCCCCCCCCCCCCCCCCCCCCCCC	AS:i:0	XN:i:0	XM:i:0	XO:i:0	XG:i:0	NM:i:0	MD:Z:75	YT:Z:UP
seq69	145	mini1	643	255	75=	=	69	0	CGTGCTACAAATTCATTTTTCGTGGGTTTTTCTCCGTGCCATAGAGTTAGCTTTTAATTACTACACCGCGGGCTA	CCCCCCCCCCCCCCCCCCCCCCCCCCCCCCCCCCCCCCCCCCCCCCCCCCCCCCCCCCCCCCCCCCCCCCCCCCC	AS:i:0	XN:i:0	XM:i:0	XO:i:0	XG:i:0	NM:i:0	MD:Z:75	YT:Z:UP
seq70	145	mini1	644	255	75=	=	70	0	GTGCTACAAATTCATTTTTCGTGGGTTTTTCTCCGTGCCATAGAGTTAGCTTTTAATTACTACACCGCGGGCTAA	CCCCCCCCCCCCCCCCCCCCCCCCCCCCCCCCCCCCCCCCCCCCCCCCCCCCCCCCCCCCCCCCCCCCCCCCCCC	AS:i:0	XN:i:0	XM:i:0	XO:i:0	XG:i:0	NM:i:0	MD:Z:75	YT:Z:UP
seq71	145	mini1	645	255	75=	=	1001071	0	TGCTACAAATTCATTTTTCGTGGGTTTTTCTCCGTGCCATAGAGTTAGCTTTTAATTACTACACCGCGGGCTAAC	CCCCCCCCCCCCCCCCCCCCCCCCCCCCCCCCCCCCCCCCCCCCCCCCCCCCCCCCCCCCCCCCCCCCCCCCCCC	AS:i:0	XN:i:0	XM:i:0	XO:i:0	XG:i:0	NM:i:0	MD:Z:75	YT:Z:UP
seq72	145	mini1	646	255	75=	=	72	0	GCTACAAATTCATTTTTCGTGGGTTTTTCTCCGTGCCATAGAGTTAGCTTTTAATTACTACACCGCGGGCTAACC	CCCCCCCCCCCCCCCCCCCCCCCCCCCCCCCCCCCCCCCCCCCCCCCCCCCCCCCCCCCCCCCCCCCCCCCCCCC	AS:i:0	XN:i:0	XM:i:0	XO:i:0	XG:i:0	NM:i:0	MD:Z:75	YT:Z:UP
seq73	145	mini1	647	255	75=	=	1001073	0	CTACAAATTCATTTTTCGTGGGTTTTTCTCCGTGCCATAGAGTTAGCTTTTAATTACTACACCGCGGGCTAACCA	CCCCCCCCCCCCCCCCCCCCCCCCCCCCCCCCCCCCCCCCCCCCCCCCCCCCCCCCCCCCCCCCCCCCCCCCCCC	AS:i:0	XN:i:0	XM:i:0	XO:i:0	XG:i:0	NM:i:0	MD:Z:75	YT:Z:UP
seq74	145	mini1	648	255	75=	=	74	0	TACAAATTCATTTTTCGTGGGTTTTTCTCCGTGCCATAGAGTTAGCTTTTAATTACTACACCGCGGGCTAACCAG	CCCCCCCCCCCCCCCCCCCCCCCCCCCCCCCCCCCCCCCCCCCCCCCCCCCCCCCCCCCCCCCCCCCCCCCCCCC	AS:i:0	XN:i:0	XM:i:0	XO:i:0	XG:i:0	NM:i:0	MD:Z:75	YT:Z:UP
seq75	145	mini1	649	255	75=	=	75	0	ACAAATTCATTTTTCGTGGGTTTTTCTCCGTGCCATAGAGTTAGCTTTTAATTACTACACCGCGGGCTAACCAGC	CCCCCCCCCCCCCCCCCCCCCCCCCCCCCCCCCCCCCCCCCCCCCCCCCCCCCCCCCCCCCCCCCCCCCCCCCCC	AS:i:0	XN:i:0	XM:i:0	XO:i:0	XG:i:0	NM:i:0	MD:Z:75	YT:Z:UP
seq76	145	mini1	650	255	75=	=	1001076	0	CAAATTCATTTTTCGTGGGTTTTTCTCCGTGCCATAGAGTTAGCTTTTAATTACTACACCGCGGGCTAACCAGCA	CCCCCCCCCCCCCCCCCCCCCCCCCCCCCCCCCCCCCCCCCCCCCCCCCCCCCCCCCCCCCCCCCCCCCCCCCCC	AS:i:0	XN:i:0	XM:i:0	XO:i:0	XG:i:0	NM:i:0	MD:Z:75	YT:Z:UP
seq77	145	mini1	651	255	75=	=	77	0	AAATTCATTTTTCGTGGGTTTTTCTCCGTGCCATAGAGTTAGCTTTTAATTACTACACCGCGGGCTAACCAGCAG	CCCCCCCCCCCCCCCCCCCCCCCCCCCCCCCCCCCCCCCCCCCCCCCCCCCCCCCCCCCCCCCCCCCCCCCCCCC	AS:i:0	XN:i:0	XM:i:0	XO:i:0	XG:i:0	NM:i:0	MD:Z:75	YT:Z:UP
seq78	145	mini1	652	255	75=	=	1001078	0	AATTCATTTTTCGTGGGTTTTTCTCCGTGCCATAGAGTTAGCTTTTAATTACTACACCGCGGGCTAACCAGCAGG	CCCCCCCCCCCCCCCCCCCCCCCCCCCCCCCCCCCCCCCCCCCCCCCCCCCCCCCCCCCCCCCCCCCCCCCCCCC	AS:i:0	XN:i:0	XM:i:0	XO:i:0	XG:i:0	NM:i:0	MD:Z:75	YT:Z:UP
seq79	145	mini1	653	255	75=	=	1001079	0	ATTCATTTTTCGTGGGTTTTTCTCCGTGCCATAGAGTTAGCTTTTAATTACTACACCGCGGGCTAACCAGCAGGC	CCCCCCCCCCCCCCCCCCCCCCCCCCCCCCCCCCCCCCCCCCCCCCCCCCCCCCCCCCCCCCCCCCCCCCCCCCC	AS:i:0	XN:i:0	XM:i:0	XO:i:0	XG:i:0	NM:i:0	MD:Z:75	YT:Z:UP
seq80	145	mini1	654	255	75=	=	80	0	TTCATTTTTCGTGGGTTTTTCTCCGTGCCATAGAGTTAGCTTTTAATTACTACACCGCGGGCTAACCAGCAGGCC	CCCCCCCCCCCCCCCCCCCCCCCCCCCCCCCCCCCCCCCCCCCCCCCCCCCCCCCCCCCCCCCCCCCCCCCCCCC	AS:i:0	XN:i:0	XM:i:0	XO:i:0	XG:i:0	NM:i:0	MD:Z:75	YT:Z:UP
seq81	145	mini1	655	255	75=	=	1001081	0	TCATTTTTCGTGGGTTTTTCTCCGTGCCATAGAGTTAGCTTTTAATTACTACACCGCGGGCTAACCAGCAGGCCA	CCCCCCCCCCCCCCCCCCCCCCCCCCCCCCCCCCCCCCCCCCCCCCCCCCCCCCCCCCCCCCCCCCCCCCCCCCC	AS:i:0	XN:i:0	XM:i:0	XO:i:0	XG:i:0	NM:i:0	MD:Z:75	YT:Z:UP
seq82	145	mini1	656	255	75=	=	1001082	0	CATTTTTCGTGGGTTTTTCTCCGTGCCATAGAGTTAGCTTTTAATTACTACACCGCGGGCTAACCAGCAGGCCAC	CCCCCCCCCCCCCCCCCCCCCCCCCCCCCCCCCCCCCCCCCCCCCCCCCCCCCCCCCCCCCCCCCCCCCCCCCCC	AS:i:0	XN:i:0	XM:i:0	XO:i:0	XG:i:0	NM:i:0	MD:Z:75	YT:Z:UP
seq83	145	mini1	657	255	75=	=	1001083	0	ATTTTTCGTGGGTTTTTCTCCGTGCCATAGAGTTAGCTTTTAATTACTACACCGCGGGCTAACCAGCAGGCCACG	CCCCCCCCCCCCCCCCCCCCCCCCCCCCCCCCCCCCCCCCCCCCCCCCCCCCCCCCCCCCCCCCCCCCCCCCCCC	AS:i:0	XN:i:0	XM:i:0	XO:i:0	XG:i:0	NM:i:0	MD:Z:75	YT:Z:UP
seq84	145	mini1	658	255	75=	=	84	0	TTTTTCGTGGGTTTTTCTCCGTGCCATAGAGTTAGCTTTTAATTACTACACCGCGGGCTAACCAGCAGGCCACGT	CCCCCCCCCCCCCCCCCCCCCCCCCCCCCCCCCCCCCCCCCCCCCCCCCCCCCCCCCCCCCCCCCCCCCCCCCCC	AS:i:0	XN:i:0	XM:i:0	XO:i:0	XG:i:0	NM:i:0	MD:Z:75	YT:Z:UP
seq85	145	mini1	659	255	75=	=	1001085	0	TTTTCGTGGGTTTTTCTCCGTGCCATAGAGTTAGCTTTTAATTACTACACCGCGGGCTAACCAGCAGGCCACGTG	CCCCCCCCCCCCCCCCCCCCCCCCCCCCCCCCCCCCCCCCCCCCCCCCCCCCCCCCCCCCCCCCCCCCCCCCCCC	AS:i:0	XN:i:0	XM:i:0	XO:i:0	XG:i:0	NM:i:0	MD:Z:75	YT:Z:UP
seq86	145	mini1	660	255	75=	=	1001086	0	TTTCGTGGGTTTTTCTCCGTGCCATAGAGTTAGCTTTTAATTACTACACCGCGGGCTAACCAGCAGGCCACGTGC	CCCCCCCCCCCCCCCCCCCCCCCCCCCCCCCCCCCCCCCCCCCCCCCCCCCCCCCCCCCCCCCCCCCCCCCCCCC	AS:i:0	XN:i:0	XM:i:0	XO:i:0	XG:i:0	NM:i:0	MD:Z:75	YT:Z:UP
seq87	145	mini1	661	255	75=	=	87	0	TTCGTGGGTTTTTCTCCGTGCCATAGAGTTAGCTTTTAATTACTACACCGCGGGCTAACCAGCAGGCCACGTGCA	CCCCCCCCCCCCCCCCCCCCCCCCCCCCCCCCCCCCCCCCCCCCCCCCCCCCCCCCCCCCCCCCCCCCCCCCCCC	AS:i:0	XN:i:0	XM:i:0	XO:i:0	XG:i:0	NM:i:0	MD:Z:75	YT:Z:UP
seq88	145	mini1	662	255	75=	=	1001088	0	TCGTGGGTTTTTCTCCGTGCCATAGAGTTAGCTTTTAATTACTACACCGCGGGCTAACCAGCAGGCCACGTGCAG	CCCCCCCCCCCCCCCCCCCCCCCCCCCCCCCCCCCCCCCCCCCCCCCCCCCCCCCCCCCCCCCCCCCCCCCCCCC	AS:i:0	XN:i:0	XM:i:0	XO:i:0	XG:i:0	NM:i:0	MD:Z:75	YT:Z:UP
seq89	145	mini1	663	255	75=	=	1001089	0	CGTGGGTTTTTCTCCGTGCCATAGAGTTAGCTTTTAATTACTACACCGCGGGCTAACCAGCAGGCCACGTGCAGG	CCCCCCCCCCCCCCCCCCCCCCCCCCCCCCCCCCCCCCCCCCCCCCCCCCCCCCCCCCCCCCCCCCCCCCCCCCC	AS:i:0	XN:i:0	XM:i:0	XO:i:0	XG:i:0	NM:i:0	MD:Z:75	YT:Z:UP
seq90	145	mini1	664	255	75=	=	90	0	GTGGGTTTTTCTCCGTGCCATAGAGTTAGCTTTTAATTACTACACCGCGGGCTAACCAGCAGGCCACGTGCAGGT	CCCCCCCCCCCCCCCCCCCCCCCCCCCCCCCCCCCCCCCCCCCCCCCCCCCCCCCCCCCCCCCCCCCCCCCCCCC	AS:i:0	XN:i:0	XM:i:0	XO:i:0	XG:i:0	NM:i:0	MD:Z:75	YT:Z:UP
seq91	145	mini1	665	255	75=	=	91	0	TGGGTTTTTCTCCGTGCCATAGAGTTAGCTTTTAATTACTACACCGCGGGCTAACCAGCAGGCCACGTGCAGGTC	CCCCCCCCCCCCCCCCCCCCCCCCCCCCCCCCCCCCCCCCCCCCCCCCCCCCCCCCCCCCCCCCCCCCCCCCCCC	AS:i:0	XN:i:0	XM:i:0	XO:i:0	XG:i:0	NM:i:0	MD:Z:75	YT:Z:UP
seq92	145	mini1	666	255	75=	=	1001092	0	GGGTTTTTCTCCGTGCCATAGAGTTAGCTTTTAATTACTACACCGCGGGCTAACCAGCAGGCCACGTGCAGGTCC	CCCCCCCCCCCCCCCCCCCCCCCCCCCCCCCCCCCCCCCCCCCCCCCCCCCCCCCCCCCCCCCCCCCCCCCCCCC	AS:i:0	XN:i:0	XM:i:0	XO:i:0	XG:i:0	NM:i:0	MD:Z:75	YT:Z:UP
seq93	145	mini1	667	255	75=	=	1001093	0	GGTTTTTCTCCGTGCCATAGAGTTAGCTTTTAATTACTACACCGCGGGCTAACCAGCAGGCCACGTGCAGGTCCG	CCCCCCCCCCCCCCCCCCCCCCCCCCCCCCCCCCCCCCCCCCCCCCCCCCCCCCCCCCCCCCCCCCCCCCCCCCC	AS:i:0	XN:i:0	XM:i:0	XO:i:0	XG:i:0	NM:i:0	MD:Z:75	YT:Z:UP
seq94	145	mini1	668	255	75=	=	94	0	GTTTTTCTCCGTGCCATAGAGTTAGCTTTTAATTACTACACCGCGGGCTAACCAGCAGGCCACGTGCAGGTCCGA	CCCCCCCCCCCCCCCCCCCCCCCCCCCCCCCCCCCCCCCCCCCCCCCCCCCCCCCCCCCCCCCCCCCCCCCCCCC	AS:i:0	XN:i:0	XM:i:0	XO:i:0	XG:i:0	NM:i:0	MD:Z:75	YT:Z:UP
seq95	145	mini1	669	255	75=	=	95	0	TTTTTCTCCGTGCCATAGAGTTAGCTTTTAATTACTACACCGCGGGCTAACCAGCAGGCCACGTGCAGGTCCGAC	CCCCCCCCCCCCCCCCCCCCCCCCCCCCCCCCCCCCCCCCCCCCCCCCCCCCCCCCCCCCCCCCCCCCCCCCCCC	AS:i:0	XN:i:0	XM:i:0	XO:i:0	XG:i:0	NM:i:0	MD:Z:75	YT:Z:UP
seq96	145	mini1	670	255	75=	=	1001096	0	TTTTCTCCGTGCCATAGAGTTAGCTTTTAATTACTACACCGCGGGCTAACCAGCAGGCCACGTGCAGGTCCGACT	CCCCCCCCCCCCCCCCCCCCCCCCCCCCCCCCCCCCCCCCCCCCCCCCCCCCCCCCCCCCCCCCCCCCCCCCCCC	AS:i:0	XN:i:0	XM:i:0	XO:i:0	XG:i:0	NM:i:0	MD:Z:75	YT:Z:UP
seq97	145	mini1	671	255	75=	=	1001097	0	TTTCTCCGTGCCATAGAGTTAGCTTTTAATTACTACACCGCGGGCTAACCAGCAGGCCACGTGCAGGTCCGACTA	CCCCCCCCCCCCCCCCCCCCCCCCCCCCCCCCCCCCCCCCCCCCCCCCCCCCCCCCCCCCCCCCCCCCCCCCCCC	AS:i:0	XN:i:0	XM:i:0	XO:i:0	XG:i:0	NM:i:0	MD:Z:75	YT:Z:UP
seq98	145	mini1	672	255	75=	=	1001098	0	TTCTCCGTGCCATAGAGTTAGCTTTTAATTACTACACCGCGGGCTAACCAGCAGGCCACGTGCAGGTCCGACTAA	CCCCCCCCCCCCCCCCCCCCCCCCCCCCCCCCCCCCCCCCCCCCCCCCCCCCCCCCCCCCCCCCCCCCCCCCCCC	AS:i:0	XN:i:0	XM:i:0	XO:i:0	XG:i:0	NM:i:0	MD:Z:75	YT:Z:UP
seq99	145	mini1	673	255	75=	=	99	0	TCTCCGTGCCATAGAGTTAGCTTTTAATTACTACACCGCGGGCTAACCAGCAGGCCACGTGCAGGTCCGACTAAT	CCCCCCCCCCCCCCCCCCCCCCCCCCCCCCCCCCCCCCCCCCCCCCCCCCCCCCCCCCCCCCCCCCCCCCCCCCC	AS:i:0	XN:i:0	XM:i:0	XO:i:0	XG:i:0	NM:i:0	MD:Z:75	YT:Z:UP
seq100	145	mini1	674	255	75=	=	100	0	CTCCGTGCCATAGAGTTAGCTTTTAATTACTACACCGCGGGCTAACCAGCAGGCCACGTGCAGGTCCGACTAATT	CCCCCCCCCCCCCCCCCCCCCCCCCCCCCCCCCCCCCCCCCCCCCCCCCCCCCCCCCCCCCCCCCCCCCCCCCCC	AS:i:0	XN:i:0	XM:i:0	XO:i:0	XG:i:0	NM:i:0	MD:Z:75	YT:Z:UP
seq1	97	mini1	1001001	1	75=	=	575	0	GGGATATGGACCTCTCTAGCAAGCATGTGACTCAAATGGTGGGCCAATATACGTCCTCCTTGCTTGAAAACGTGG	CCCCCCCCCCCCCCCCCCCCCCCCCCCCCCCCCCCCCCCCCCCCCCCCCCCCCCCCCCCCCCCCCCCCCCCCCCC	AS:i:0	XN:i:0	XM:i:0	XO:i:0	XG:i:0	NM:i:0	MD:Z:75	YT:Z:UP
seq2	353	mini1	1001002	1	75=	=	576	0	GGATATGGACCTCTCTAGCAAGCATGTGACTCAAATGGTGGGCCAATATACGTCCTCCTTGCTTGAAAACGTGGG	CCCCCCCCCCCCCCCCCCCCCCCCCCCCCCCCCCCCCCCCCCCCCCCCCCCCCCCCCCCCCCCCCCCCCCCCCCC	AS:i:0	XN:i:0	XM:i:0	XO:i:0	XG:i:0	NM:i:0	MD:Z:75	YT:Z:UP
seq3	97	mini1	1001003	1	75=	=	577	0	GATATGGACCTCTCTAGCAAGCATGTGACTCAAATGGTGGGCCAATATACGTCCTCCTTGCTTGAAAACGTGGGC	CCCCCCCCCCCCCCCCCCCCCCCCCCCCCCCCCCCCCCCCCCCCCCCCCCCCCCCCCCCCCCCCCCCCCCCCCCC	AS:i:0	XN:i:0	XM:i:0	XO:i:0	XG:i:0	NM:i:0	MD:Z:75	YT:Z:UP
seq4	97	mini1	1001004	1	75=	=	578	0	ATATGGACCTCTCTAGCAAGCATGTGACTCAAATGGTGGGCCAATATACGTCCTCCTTGCTTGAAAACGTGGGCG	CCCCCCCCCCCCCCCCCCCCCCCCCCCCCCCCCCCCCCCCCCCCCCCCCCCCCCCCCCCCCCCCCCCCCCCCCCC	AS:i:0	XN:i:0	XM:i:0	XO:i:0	XG:i:0	NM:i:0	MD:Z:75	YT:Z:UP
seq5	97	mini1	1001005	1	75=	=	579	0	TATGGACCTCTCTAGCAAGCATGTGACTCAAATGGTGGGCCAATATACGTCCTCCTTGCTTGAAAACGTGGGCGC	CCCCCCCCCCCCCCCCCCCCCCCCCCCCCCCCCCCCCCCCCCCCCCCCCCCCCCCCCCCCCCCCCCCCCCCCCCC	AS:i:0	XN:i:0	XM:i:0	XO:i:0	XG:i:0	NM:i:0	MD:Z:75	YT:Z:UP
seq6	353	mini1	1001006	1	75=	=	580	0	ATGGACCTCTCTAGCAAGCATGTGACTCAAATGGTGGGCCAATATACGTCCTCCTTGCTTGAAAACGTGGGCGCT	CCCCCCCCCCCCCCCCCCCCCCCCCCCCCCCCCCCCCCCCCCCCCCCCCCCCCCCCCCCCCCCCCCCCCCCCCCC	AS:i:0	XN:i:0	XM:i:0	XO:i:0	XG:i:0	NM:i:0	MD:Z:75	YT:Z:UP
seq7	97	mini1	1001007	1	75=	=	581	0	TGGACCTCTCTAGCAAGCATGTGACTCAAATGGTGGGCCAATATACGTCCTCCTTGCTTGAAAACGTGGGCGCTA	CCCCCCCCCCCCCCCCCCCCCCCCCCCCCCCCCCCCCCCCCCCCCCCCCCCCCCCCCCCCCCCCCCCCCCCCCCC	AS:i:0	XN:i:0	XM:i:0	XO:i:0	XG:i:0	NM:i:0	MD:Z:75	YT:Z:UP
seq8	353	mini1	1001008	1	75=	=	582	0	GGACCTCTCTAGCAAGCATGTGACTCAAATGGTGGGCCAATATACGTCCTCCTTGCTTGAAAACGTGGGCGCTAA	CCCCCCCCCCCCCCCCCCCCCCCCCCCCCCCCCCCCCCCCCCCCCCCCCCCCCCCCCCCCCCCCCCCCCCCCCCC	AS:i:0	XN:i:0	XM:i:0	XO:i:0	XG:i:0	NM:i:0	MD:Z:75	YT:Z:UP
seq9	97	mini1	1001009	1	75=	=	583	0	GACCTCTCTAGCAAGCATGTGACTCAAATGGTGGGCCAATATACGTCCTCCTTGCTTGAAAACGTGGGCGCTAAT	CCCCCCCCCCCCCCCCCCCCCCCCCCCCCCCCCCCCCCCCCCCCCCCCCCCCCCCCCCCCCCCCCCCCCCCCCCC	AS:i:0	XN:i:0	XM:i:0	XO:i:0	XG:i:0	NM:i:0	MD:Z:75	YT:Z:UP
seq10	97	mini1	1001010	1	75=	=	584	0	ACCTCTCTAGCAAGCATGTGACTCAAATGGTGGGCCAATATACGTCCTCCTTGCTTGAAAACGTGGGCGCTAATC	CCCCCCCCCCCCCCCCCCCCCCCCCCCCCCCCCCCCCCCCCCCCCCCCCCCCCCCCCCCCCCCCCCCCCCCCCCC	AS:i:0	XN:i:0	XM:i:0	XO:i:0	XG:i:0	NM:i:0	MD:Z:75	YT:Z:UP
seq11	353	mini1	1001011	1	75=	=	585	0	CCTCTCTAGCAAGCATGTGACTCAAATGGTGGGCCAATATACGTCCTCCTTGCTTGAAAACGTGGGCGCTAATCC	CCCCCCCCCCCCCCCCCCCCCCCCCCCCCCCCCCCCCCCCCCCCCCCCCCCCCCCCCCCCCCCCCCCCCCCCCCC	AS:i:0	XN:i:0	XM:i:0	XO:i:0	XG:i:0	NM:i:0	MD:Z:75	YT:Z:UP
seq12	353	mini1	1001012	1	75=	=	586	0	CTCTCTAGCAAGCATGTGACTCAAATGGTGGGCCAATATACGTCCTCCTTGCTTGAAAACGTGGGCGCTAATCCA	CCCCCCCCCCCCCCCCCCCCCCCCCCCCCCCCCCCCCCCCCCCCCCCCCCCCCCCCCCCCCCCCCCCCCCCCCCC	AS:i:0	XN:i:0	XM:i:0	XO:i:0	XG:i:0	NM:i:0	MD:Z:75	YT:Z:UP
seq13	353	mini1	1001013	1	75=	=	587	0	TCTCTAGCAAGCATGTGACTCAAATGGTGGGCCAATATACGTCCTCCTTGCTTGAAAACGTGGGCGCTAATCCAA	CCCCCCCCCCCCCCCCCCCCCCCCCCCCCCCCCCCCCCCCCCCCCCCCCCCCCCCCCCCCCCCCCCCCCCCCCCC	AS:i:0	XN:i:0	XM:i:0	XO:i:0	XG:i:0	NM:i:0	MD:Z:75	YT:Z:UP
seq14	97	mini1	1001014	1	75=	=	588	0	CTCTAGCAAGCATGTGACTCAAATGGTGGGCCAATATACGTCCTCCTTGCTTGAAAACGTGGGCGCTAATCCAAG	CCCCCCCCCCCCCCCCCCCCCCCCCCCCCCCCCCCCCCCCCCCCCCCCCCCCCCCCCCCCCCCCCCCCCCCCCCC	AS:i:0	XN:i:0	XM:i:0	XO:i:0	XG:i:0	NM:i:0	MD:Z:75	YT:Z:UP
seq15	97	mini1	1001015	1	75=	=	589	0	TCTAGCAAGCATGTGACTCAAATGGTGGGCCAATATACGTCCTCCTTGCTTGAAAACGTGGGCGCTAATCCAAGT	CCCCCCCCCCCCCCCCCCCCCCCCCCCCCCCCCCCCCCCCCCCCCCCCCCCCCCCCCCCCCCCCCCCCCCCCCCC	AS:i:0	XN:i:0	XM:i:0	XO:i:0	XG:i:0	NM:i:0	MD:Z:75	YT:Z:UP
seq16	97	mini1	1001016	1	75=	=	590	0	CTAGCAAGCATGTGACTCAAATGGTGGGCCAATATACGTCCTCCTTGCTTGAAAACGTGGGCGCTAATCCAAGTG	CCCCCCCCCCCCCCCCCCCCCCCCCCCCCCCCCCCCCCCCCCCCCCCCCCCCCCCCCCCCCCCCCCCCCCCCCCC	AS:i:0	XN:i:0	XM:i:0	XO:i:0	XG:i:0	NM:i:0	MD:Z:75	YT:Z:UP
seq17	353	mini1	1001017	1	75=	=	591	0	TAGCAAGCATGTGACTCAAATGGTGGGCCAATATACGTCCTCCTTGCTTGAAAACGTGGGCGCTAATCCAAGTGT	CCCCCCCCCCCCCCCCCCCCCCCCCCCCCCCCCCCCCCCCCCCCCCCCCCCCCCCCCCCCCCCCCCCCCCCCCCC	AS:i:0	XN:i:0	XM:i:0	XO:i:0	XG:i:0	NM:i:0	MD:Z:75	YT:Z:UP
seq18	353	mini1	1001018	1	75=	=	592	0	AGCAAGCATGTGACTCAAATGGTGGGCCAATATACGTCCTCCTTGCTTGAAAACGTGGGCGCTAATCCAAGTGTA	CCCCCCCCCCCCCCCCCCCCCCCCCCCCCCCCCCCCCCCCCCCCCCCCCCCCCCCCCCCCCCCCCCCCCCCCCCC	AS:i:0	XN:i:0	XM:i:0	XO:i:0	XG:i:0	NM:i:0	MD:Z:75	YT:Z:UP
seq19	97	mini1	1001019	1	75=	=	593	0	GCAAGCATGTGACTCAAATGGTGGGCCAATATACGTCCTCCTTGCTTGAAAACGTGGGCGCTAATCCAAGTGTAT	CCCCCCCCCCCCCCCCCCCCCCCCCCCCCCCCCCCCCCCCCCCCCCCCCCCCCCCCCCCCCCCCCCCCCCCCCCC	AS:i:0	XN:i:0	XM:i:0	XO:i:0	XG:i:0	NM:i:0	MD:Z:75	YT:Z:UP
seq20	97	mini1	1001020	1	75=	=	594	0	CAAGCATGTGACTCAAATGGTGGGCCAATATACGTCCTCCTTGCTTGAAAACGTGGGCGCTAATCCAAGTGTATC	CCCCCCCCCCCCCCCCCCCCCCCCCCCCCCCCCCCCCCCCCCCCCCCCCCCCCCCCCCCCCCCCCCCCCCCCCCC	AS:i:0	XN:i:0	XM:i:0	XO:i:0	XG:i:0	NM:i:0	MD:Z:75	YT:Z:UP
seq21	353	mini1	1001021	1	75=	=	595	0	AAGCATGTGACTCAAATGGTGGGCCAATATACGTCCTCCTTGCTTGAAAACGTGGGCGCTAATCCAAGTGTATCC	CCCCCCCCCCCCCCCCCCCCCCCCCCCCCCCCCCCCCCCCCCCCCCCCCCCCCCCCCCCCCCCCCCCCCCCCCCC	AS:i:0	XN:i:0	XM:i:0	XO:i:0	XG:i:0	NM:i:0	MD:Z:75	YT:Z:UP
seq22	97	mini1	1001022	1	75=	=	596	0	AGCATGTGACTCAAATGGTGGGCCAATATACGTCCTCCTTGCTTGAAAACGTGGGCGCTAATCCAAGTGTATCCA	CCCCCCCCCCCCCCCCCCCCCCCCCCCCCCCCCCCCCCCCCCCCCCCCCCCCCCCCCCCCCCCCCCCCCCCCCCC	AS:i:0	XN:i:0	XM:i:0	XO:i:0	XG:i:0	NM:i:0	MD:Z:75	YT:Z:UP
seq23	97	mini1	1001023	1	75=	=	597	0	GCATGTGACTCAAATGGTGGGCCAATATACGTCCTCCTTGCTTGAAAACGTGGGCGCTAATCCAAGTGTATCCAA	CCCCCCCCCCCCCCCCCCCCCCCCCCCCCCCCCCCCCCCCCCCCCCCCCCCCCCCCCCCCCCCCCCCCCCCCCCC	AS:i:0	XN:i:0	XM:i:0	XO:i:0	XG:i:0	NM:i:0	MD:Z:75	YT:Z:UP
seq24	353	mini1	1001024	1	75=	=	598	0	CATGTGACTCAAATGGTGGGCCAATATACGTCCTCCTTGCTTGAAAACGTGGGCGCTAATCCAAGTGTATCCAAA	CCCCCCCCCCCCCCCCCCCCCCCCCCCCCCCCCCCCCCCCCCCCCCCCCCCCCCCCCCCCCCCCCCCCCCCCCCC	AS:i:0	XN:i:0	XM:i:0	XO:i:0	XG:i:0	NM:i:0	MD:Z:75	YT:Z:UP
seq25	353	mini1	1001025	1	75=	=	599	0	ATGTGACTCAAATGGTGGGCCAATATACGTCCTCCTTGCTTGAAAACGTGGGCGCTAATCCAAGTGTATCCAAAC	CCCCCCCCCCCCCCCCCCCCCCCCCCCCCCCCCCCCCCCCCCCCCCCCCCCCCCCCCCCCCCCCCCCCCCCCCCC	AS:i:0	XN:i:0	XM:i:0	XO:i:0	XG:i:0	NM:i:0	MD:Z:75	YT:Z:UP
seq26	353	mini1	1001026	1	75=	=	600	0	TGTGACTCAAATGGTGGGCCAATATACGTCCTCCTTGCTTGAAAACGTGGGCGCTAATCCAAGTGTATCCAAACA	CCCCCCCCCCCCCCCCCCCCCCCCCCCCCCCCCCCCCCCCCCCCCCCCCCCCCCCCCCCCCCCCCCCCCCCCCCC	AS:i:0	XN:i:0	XM:i:0	XO:i:0	XG:i:0	NM:i:0	MD:Z:75	YT:Z:UP
seq27	97	mini1	1001027	1	75=	=	601	0	GTGACTCAAATGGTGGGCCAATATACGTCCTCCTTGCTTGAAAACGTGGGCGCTAATCCAAGTGTATCCAAACAA	CCCCCCCCCCCCCCCCCCCCCCCCCCCCCCCCCCCCCCCCCCCCCCCCCCCCCCCCCCCCCCCCCCCCCCCCCCC	AS:i:0	XN:i:0	XM:i:0	XO:i:0	XG:i:0	NM:i:0	MD:Z:75	YT:Z:UP
seq28	353	mini1	1001028	1	75=	=	602	0	TGACTCAAATGGTGGGCCAATATACGTCCTCCTTGCTTGAAAACGTGGGCGCTAATCCAAGTGTATCCAAACAAT	CCCCCCCCCCCCCCCCCCCCCCCCCCCCCCCCCCCCCCCCCCCCCCCCCCCCCCCCCCCCCCCCCCCCCCCCCCC	AS:i:0	XN:i:0	XM:i:0	XO:i:0	XG:i:0	NM:i:0	MD:Z:75	YT:Z:UP
seq29	353	mini1	1001029	1	75=	=	603	0	GACTCAAATGGTGGGCCAATATACGTCCTCCTTGCTTGAAAACGTGGGCGCTAATCCAAGTGTATCCAAACAATG	CCCCCCCCCCCCCCCCCCCCCCCCCCCCCCCCCCCCCCCCCCCCCCCCCCCCCCCCCCCCCCCCCCCCCCCCCCC	AS:i:0	XN:i:0	XM:i:0	XO:i:0	XG:i:0	NM:i:0	MD:Z:75	YT:Z:UP
seq30	97	mini1	1001030	1	75=	=	604	0	ACTCAAATGGTGGGCCAATATACGTCCTCCTTGCTTGAAAACGTGGGCGCTAATCCAAGTGTATCCAAACAATGA	CCCCCCCCCCCCCCCCCCCCCCCCCCCCCCCCCCCCCCCCCCCCCCCCCCCCCCCCCCCCCCCCCCCCCCCCCCC	AS:i:0	XN:i:0	XM:i:0	XO:i:0	XG:i:0	NM:i:0	MD:Z:75	YT:Z:UP
seq31	353	mini1	1001031	1	75=	=	605	0	CTCAAATGGTGGGCCAATATACGTCCTCCTTGCTTGAAAACGTGGGCGCTAATCCAAGTGTATCCAAACAATGAA	CCCCCCCCCCCCCCCCCCCCCCCCCCCCCCCCCCCCCCCCCCCCCCCCCCCCCCCCCCCCCCCCCCCCCCCCCCC	AS:i:0	XN:i:0	XM:i:0	XO:i:0	XG:i:0	NM:i:0	MD:Z:75	YT:Z:UP
seq32	97	mini1	1001032	1	75=	=	606	0	TCAAATGGTGGGCCAATATACGTCCTCCTTGCTTGAAAACGTGGGCGCTAATCCAAGTGTATCCAAACAATGAAG	CCCCCCCCCCCCCCCCCCCCCCCCCCCCCCCCCCCCCCCCCCCCCCCCCCCCCCCCCCCCCCCCCCCCCCCCCCC	AS:i:0	XN:i:0	XM:i:0	XO:i:0	XG:i:0	NM:i:0	MD:Z:75	YT:Z:UP
seq33	97	mini1	1001033	1	75=	=	607	0	CAAATGGTGGGCCAATATACGTCCTCCTTGCTTGAAAACGTGGGCGCTAATCCAAGTGTATCCAAACAATGAAGT	CCCCCCCCCCCCCCCCCCCCCCCCCCCCCCCCCCCCCCCCCCCCCCCCCCCCCCCCCCCCCCCCCCCCCCCCCCC	AS:i:0	XN:i:0	XM:i:0	XO:i:0	XG:i:0	NM:i:0	MD:Z:75	YT:Z:UP
seq34	97	mini1	1001034	1	75=	=	608	0	AAATGGTGGGCCAATATACGTCCTCCTTGCTTGAAAACGTGGGCGCTAATCCAAGTGTATCCAAACAATGAAGTA	CCCCCCCCCCCCCCCCCCCCCCCCCCCCCCCCCCCCCCCCCCCCCCCCCCCCCCCCCCCCCCCCCCCCCCCCCCC	AS:i:0	XN:i:0	XM:i:0	XO:i:0	XG:i:0	NM:i:0	MD:Z:75	YT:Z:UP
seq35	97	mini1	1001035	1	75=	=	609	0	AATGGTGGGCCAATATACGTCCTCCTTGCTTGAAAACGTGGGCGCTAATCCAAGTGTATCCAAACAATGAAGTAG	CCCCCCCCCCCCCCCCCCCCCCCCCCCCCCCCCCCCCCCCCCCCCCCCCCCCCCCCCCCCCCCCCCCCCCCCCCC	AS:i:0	XN:i:0	XM:i:0	XO:i:0	XG:i:0	NM:i:0	MD:Z:75	YT:Z:UP
seq36	97	mini1	1001036	1	75=	=	610	0	ATGGTGGGCCAATATACGTCCTCCTTGCTTGAAAACGTGGGCGCTAATCCAAGTGTATCCAAACAATGAAGTAGT	CCCCCCCCCCCCCCCCCCCCCCCCCCCCCCCCCCCCCCCCCCCCCCCCCCCCCCCCCCCCCCCCCCCCCCCCCCC	AS:i:0	XN:i:0	XM:i:0	XO:i:0	XG:i:0	NM:i:0	MD:Z:75	YT:Z:UP
seq37	97	mini1	1001037	1	75=	=	611	0	TGGTGGGCCAATATACGTCCTCCTTGCTTGAAAACGTGGGCGCTAATCCAAGTGTATCCAAACAATGAAGTAGTG	CCCCCCCCCCCCCCCCCCCCCCCCCCCCCCCCCCCCCCCCCCCCCCCCCCCCCCCCCCCCCCCCCCCCCCCCCCC	AS:i:0	XN:i:0	XM:i:0	XO:i:0	XG:i:0	NM:i:0	MD:Z:75	YT:Z:UP
seq38	97	mini1	1001038	1	75=	=	612	0	GGTGGGCCAATATACGTCCTCCTTGCTTGAAAACGTGGGCGCTAATCCAAGTGTATCCAAACAATGAAGTAGTGG	CCCCCCCCCCCCCCCCCCCCCCCCCCCCCCCCCCCCCCCCCCCCCCCCCCCCCCCCCCCCCCCCCCCCCCCCCCC	AS:i:0	XN:i:0	XM:i:0	XO:i:0	XG:i:0	NM:i:0	MD:Z:75	YT:Z:UP
seq39	97	mini1	1001039	1	75=	=	613	0	GTGGGCCAATATACGTCCTCCTTGCTTGAAAACGTGGGCGCTAATCCAAGTGTATCCAAACAATGAAGTAGTGGA	CCCCCCCCCCCCCCCCCCCCCCCCCCCCCCCCCCCCCCCCCCCCCCCCCCCCCCCCCCCCCCCCCCCCCCCCCCC	AS:i:0	XN:i:0	XM:i:0	XO:i:0	XG:i:0	NM:i:0	MD:Z:75	YT:Z:UP
seq40	97	mini1	1001040	1	75=	=	614	0	TGGGCCAATATACGTCCTCCTTGCTTGAAAACGTGGGCGCTAATCCAAGTGTATCCAAACAATGAAGTAGTGGAG	CCCCCCCCCCCCCCCCCCCCCCCCCCCCCCCCCCCCCCCCCCCCCCCCCCCCCCCCCCCCCCCCCCCCCCCCCCC	AS:i:0	XN:i:0	XM:i:0	XO:i:0	XG:i:0	NM:i:0	MD:Z:75	YT:Z:UP
seq41	97	mini1	1001041	1	75=	=	615	0	GGGCCAATATACGTCCTCCTTGCTTGAAAACGTGGGCGCTAATCCAAGTGTATCCAAACAATGAAGTAGTGGAGT	CCCCCCCCCCCCCCCCCCCCCCCCCCCCCCCCCCCCCCCCCCCCCCCCCCCCCCCCCCCCCCCCCCCCCCCCCCC	AS:i:0	XN:i:0	XM:i:0	XO:i:0	XG:i:0	NM:i:0	MD:Z:75	YT:Z:UP
seq42	97	mini1	1001042	1	75=	=	616	0	GGCCAATATACGTCCTCCTTGCTTGAAAACGTGGGCGCTAATCCAAGTGTATCCAAACAATGAAGTAGTGGAGTG	CCCCCCCCCCCCCCCCCCCCCCCCCCCCCCCCCCCCCCCCCCCCCCCCCCCCCCCCCCCCCCCCCCCCCCCCCCC	AS:i:0	XN:i:0	XM:i:0	XO:i:0	XG:i:0	NM:i:0	MD:Z:75	YT:Z:UP
seq43	353	mini1	1001043	1	75=	=	617	0	GCCAATATACGTCCTCCTTGCTTGAAAACGTGGGCGCTAATCCAAGTGTATCCAAACAATGAAGTAGTGGAGTGA	CCCCCCCCCCCCCCCCCCCCCCCCCCCCCCCCCCCCCCCCCCCCCCCCCCCCCCCCCCCCCCCCCCCCCCCCCCC	AS:i:0	XN:i:0	XM:i:0	XO:i:0	XG:i:0	NM:i:0	MD:Z:75	YT:Z:UP
seq44	97	mini1	1001044	1	75=	=	618	0	CCAATATACGTCCTCCTTGCTTGAAAACGTGGGCGCTAATCCAAGTGTATCCAAACAATGAAGTAGTGGAGTGAC	CCCCCCCCCCCCCCCCCCCCCCCCCCCCCCCCCCCCCCCCCCCCCCCCCCCCCCCCCCCCCCCCCCCCCCCCCCC	AS:i:0	XN:i:0	XM:i:0	XO:i:0	XG:i:0	NM:i:0	MD:Z:75	YT:Z:UP
seq45	353	mini1	1001045	1	75=	=	619	0	CAATATACGTCCTCCTTGCTTGAAAACGTGGGCGCTAATCCAAGTGTATCCAAACAATGAAGTAGTGGAGTGACT	CCCCCCCCCCCCCCCCCCCCCCCCCCCCCCCCCCCCCCCCCCCCCCCCCCCCCCCCCCCCCCCCCCCCCCCCCCC	AS:i:0	XN:i:0	XM:i:0	XO:i:0	XG:i:0	NM:i:0	MD:Z:75	YT:Z:UP
seq46	353	mini1	1001046	1	75=	=	620	0	AATATACGTCCTCCTTGCTTGAAAACGTGGGCGCTAATCCAAGTGTATCCAAACAATGAAGTAGTGGAGTGACTC	CCCCCCCCCCCCCCCCCCCCCCCCCCCCCCCCCCCCCCCCCCCCCCCCCCCCCCCCCCCCCCCCCCCCCCCCCCC	AS:i:0	XN:i:0	XM:i:0	XO:i:0	XG:i:0	NM:i:0	MD:Z:75	YT:Z:UP
seq47	97	mini1	1001047	1	75=	=	621	0	ATATACGTCCTCCTTGCTTGAAAACGTGGGCGCTAATCCAAGTGTATCCAAACAATGAAGTAGTGGAGTGACTCG	CCCCCCCCCCCCCCCCCCCCCCCCCCCCCCCCCCCCCCCCCCCCCCCCCCCCCCCCCCCCCCCCCCCCCCCCCCC	AS:i:0	XN:i:0	XM:i:0	XO:i:0	XG:i:0	NM:i:0	MD:Z:75	YT:Z:UP
seq48	353	mini1	1001048	1	75=	=	622	0	TATACGTCCTCCTTGCTTGAAAACGTGGGCGCTAATCCAAGTGTATCCAAACAATGAAGTAGTGGAGTGACTCGT	CCCCCCCCCCCCCCCCCCCCCCCCCCCCCCCCCCCCCCCCCCCCCCCCCCCCCCCCCCCCCCCCCCCCCCCCCCC	AS:i:0	XN:i:0	XM:i:0	XO:i:0	XG:i:0	NM:i:0	MD:Z:75	YT:Z:UP
seq49	353	mini1	1001049	1	75=	=	623	0	ATACGTCCTCCTTGCTTGAAAACGTGGGCGCTAATCCAAGTGTATCCAAACAATGAAGTAGTGGAGTGACTCGTT	CCCCCCCCCCCCCCCCCCCCCCCCCCCCCCCCCCCCCCCCCCCCCCCCCCCCCCCCCCCCCCCCCCCCCCCCCCC	AS:i:0	XN:i:0	XM:i:0	XO:i:0	XG:i:0	NM:i:0	MD:Z:75	YT:Z:UP
seq50	97	mini1	1001050	1	75=	=	624	0	TACGTCCTCCTTGCTTGAAAACGTGGGCGCTAATCCAAGTGTATCCAAACAATGAAGTAGTGGAGTGACTCGTTA	CCCCCCCCCCCCCCCCCCCCCCCCCCCCCCCCCCCCCCCCCCCCCCCCCCCCCCCCCCCCCCCCCCCCCCCCCCC	AS:i:0	XN:i:0	XM:i:0	XO:i:0	XG:i:0	NM:i:0	MD:Z:75	YT:Z:UP
seq51	353	mini1	1001051	1	75=	=	625	0	ACGTCCTCCTTGCTTGAAAACGTGGGCGCTAATCCAAGTGTATCCAAACAATGAAGTAGTGGAGTGACTCGTTAA	CCCCCCCCCCCCCCCCCCCCCCCCCCCCCCCCCCCCCCCCCCCCCCCCCCCCCCCCCCCCCCCCCCCCCCCCCCC	AS:i:0	XN:i:0	XM:i:0	XO:i:0	XG:i:0	NM:i:0	MD:Z:75	YT:Z:UP
seq52	97	mini1	1001052	1	75=	=	626	0	CGTCCTCCTTGCTTGAAAACGTGGGCGCTAATCCAAGTGTATCCAAACAATGAAGTAGTGGAGTGACTCGTTAAG	CCCCCCCCCCCCCCCCCCCCCCCCCCCCCCCCCCCCCCCCCCCCCCCCCCCCCCCCCCCCCCCCCCCCCCCCCCC	AS:i:0	XN:i:0	XM:i:0	XO:i:0	XG:i:0	NM:i:0	MD:Z:75	YT:Z:UP
seq53	97	mini1	1001053	1	75=	=	627	0	GTCCTCCTTGCTTGAAAACGTGGGCGCTAATCCAAGTGTATCCAAACAATGAAGTAGTGGAGTGACTCGTTAAGG	CCCCCCCCCCCCCCCCCCCCCCCCCCCCCCCCCCCCCCCCCCCCCCCCCCCCCCCCCCCCCCCCCCCCCCCCCCC	AS:i:0	XN:i:0	XM:i:0	XO:i:0	XG:i:0	NM:i:0	MD:Z:75	YT:Z:UP
seq54	97	mini1	1001054	1	75=	=	628	0	TCCTCCTTGCTTGAAAACGTGGGCGCTAATCCAAGTGTATCCAAACAATGAAGTAGTGGAGTGACTCGTTAAGGC	CCCCCCCCCCCCCCCCCCCCCCCCCCCCCCCCCCCCCCCCCCCCCCCCCCCCCCCCCCCCCCCCCCCCCCCCCCC	AS:i:0	XN:i:0	XM:i:0	XO:i:0	XG:i:0	NM:i:0	MD:Z:75	YT:Z:UP
seq55	353	mini1	1001055	1	75=	=	629	0	CCTCCTTGCTTGAAAACGTGGGCGCTAATCCAAGTGTATCCAAACAATGAAGTAGTGGAGTGACTCGTTAAGGCG	CCCCCCCCCCCCCCCCCCCCCCCCCCCCCCCCCCCCCCCCCCCCCCCCCCCCCCCCCCCCCCCCCCCCCCCCCCC	AS:i:0	XN:i:0	XM:i:0	XO:i:0	XG:i:0	NM:i:0	MD:Z:75	YT:Z:UP
seq56	97	mini1	1001056	1	75=	=	630	0	CTCCTTGCTTGAAAACGTGGGCGCTAATCCAAGTGTATCCAAACAATGAAGTAGTGGAGTGACTCGTTAAGGCGT	CCCCCCCCCCCCCCCCCCCCCCCCCCCCCCCCCCCCCCCCCCCCCCCCCCCCCCCCCCCCCCCCCCCCCCCCCCC	AS:i:0	XN:i:0	XM:i:0	XO:i:0	XG:i:0	NM:i:0	MD:Z:75	YT:Z:UP
seq57	353	mini1	1001057	1	75=	=	631	0	TCCTTGCTTGAAAACGTGGGCGCTAATCCAAGTGTATCCAAACAATGAAGTAGTGGAGTGACTCGTTAAGGCGTC	CCCCCCCCCCCCCCCCCCCCCCCCCCCCCCCCCCCCCCCCCCCCCCCCCCCCCCCCCCCCCCCCCCCCCCCCCCC	AS:i:0	XN:i:0	XM:i:0	XO:i:0	XG:i:0	NM:i:0	MD:Z:75	YT:Z:UP
seq58	353	mini1	1001058	1	75=	=	632	0	CCTTGCTTGAAAACGTGGGCGCTAATCCAAGTGTATCCAAACAATGAAGTAGTGGAGTGACTCGTTAAGGCGTCT	CCCCCCCCCCCCCCCCCCCCCCCCCCCCCCCCCCCCCCCCCCCCCCCCCCCCCCCCCCCCCCCCCCCCCCCCCCC	AS:i:0	XN:i:0	XM:i:0	XO:i:0	XG:i:0	NM:i:0	MD:Z:75	YT:Z:UP
seq59	97	mini1	1001059	1	75=	=	633	0	CTTGCTTGAAAACGTGGGCGCTAATCCAAGTGTATCCAAACAATGAAGTAGTGGAGTGACTCGTTAAGGCGTCTG	CCCCCCCCCCCCCCCCCCCCCCCCCCCCCCCCCCCCCCCCCCCCCCCCCCCCCCCCCCCCCCCCCCCCCCCCCCC	AS:i:0	XN:i:0	XM:i:0	XO:i:0	XG:i:0	NM:i:0	MD:Z:75	YT:Z:UP
seq60	353	mini1	1001060	1	75=	=	634	0	TTGCTTGAAAACGTGGGCGCTAATCCAAGTGTATCCAAACAATGAAGTAGTGGAGTGACTCGTTAAGGCGTCTGA	CCCCCCCCCCCCCCCCCCCCCCCCCCCCCCCCCCCCCCCCCCCCCCCCCCCCCCCCCCCCCCCCCCCCCCCCCCC	AS:i:0	XN:i:0	XM:i:0	XO:i:0	XG:i:0	NM:i:0	MD:Z:75	YT:Z:UP
seq61	97	mini1	1001061	1	75=	=	635	0	TGCTTGAAAACGTGGGCGCTAATCCAAGTGTATCCAAACAATGAAGTAGTGGAGTGACTCGTTAAGGCGTCTGAC	CCCCCCCCCCCCCCCCCCCCCCCCCCCCCCCCCCCCCCCCCCCCCCCCCCCCCCCCCCCCCCCCCCCCCCCCCCC	AS:i:0	XN:i:0	XM:i:0	XO:i:0	XG:i:0	NM:i:0	MD:Z:75	YT:Z:UP
seq62	97	mini1	1001062	1	75=	=	636	0	GCTTGAAAACGTGGGCGCTAATCCAAGTGTATCCAAACAATGAAGTAGTGGAGTGACTCGTTAAGGCGTCTGACG	CCCCCCCCCCCCCCCCCCCCCCCCCCCCCCCCCCCCCCCCCCCCCCCCCCCCCCCCCCCCCCCCCCCCCCCCCCC	AS:i:0	XN:i:0	XM:i:0	XO:i:0	XG:i:0	NM:i:0	MD:Z:75	YT:Z:UP
seq63	97	mini1	1001063	1	75=	=	637	0	CTTGAAAACGTGGGCGCTAATCCAAGTGTATCCAAACAATGAAGTAGTGGAGTGACTCGTTAAGGCGTCTGACGG	CCCCCCCCCCCCCCCCCCCCCCCCCCCCCCCCCCCCCCCCCCCCCCCCCCCCCCCCCCCCCCCCCCCCCCCCCCC	AS:i:0	XN:i:0	XM:i:0	XO:i:0	XG:i:0	NM:i:0	MD:Z:75	YT:Z:UP
seq64	353	mini1	1001064	1	75=	=	638	0	TTGAAAACGTGGGCGCTAATCCAAGTGTATCCAAACAATGAAGTAGTGGAGTGACTCGTTAAGGCGTCTGACGGG	CCCCCCCCCCCCCCCCCCCCCCCCCCCCCCCCCCCCCCCCCCCCCCCCCCCCCCCCCCCCCCCCCCCCCCCCCCC	AS:i:0	XN:i:0	XM:i:0	XO:i:0	XG:i:0	NM:i:0	MD:Z:75	YT:Z:UP
seq65	353	mini1	1001065	1	75=	=	639	0	TGAAAACGTGGGCGCTAATCCAAGTGTATCCAAACAATGAAGTAGTGGAGTGACTCGTTAAGGCGTCTGACGGGC	CCCCCCCCCCCCCCCCCCCCCCCCCCCCCCCCCCCCCCCCCCCCCCCCCCCCCCCCCCCCCCCCCCCCCCCCCCC	AS:i:0	XN:i:0	XM:i:0	XO:i:0	XG:i:0	NM:i:0	MD:Z:75	YT:Z:UP
seq66	353	mini1	1001066	1	75=	=	640	0	GAAAACGTGGGCGCTAATCCAAGTGTATCCAAACAATGAAGTAGTGGAGTGACTCGTTAAGGCGTCTGACGGGCA	CCCCCCCCCCCCCCCCCCCCCCCCCCCCCCCCCCCCCCCCCCCCCCCCCCCCCCCCCCCCCCCCCCCCCCCCCCC	AS:i:0	XN:i:0	XM:i:0	XO:i:0	XG:i:0	NM:i:0	MD:Z:75	YT:Z:UP
seq67	97	mini1	1001067	1	75=	=	641	0	AAAACGTGGGCGCTAATCCAAGTGTATCCAAACAATGAAGTAGTGGAGTGACTCGTTAAGGCGTCTGACGGGCAG	CCCCCCCCCCCCCCCCCCCCCCCCCCCCCCCCCCCCCCCCCCCCCCCCCCCCCCCCCCCCCCCCCCCCCCCCCCC	AS:i:0	XN:i:0	XM:i:0	XO:i:0	XG:i:0	NM:i:0	MD:Z:75	YT:Z:UP
seq68	353	mini1	1001068	1	75=	=	642	0	AAACGTGGGCGCTAATCCAAGTGTATCCAAACAATGAAGTAGTGGAGTGACTCGTTAAGGCGTCTGACGGGCAGA	CCCCCCCCCCCCCCCCCCCCCCCCCCCCCCCCCCCCCCCCCCCCCCCCCCCCCCCCCCCCCCCCCCCCCCCCCCC	AS:i:0	XN:i:0	XM:i:0	XO:i:0	XG:i:0	NM:i:0	MD:Z:75	YT:Z:UP
seq69	353	mini1	1001069	1	75=	=	643	0	AACGTGGGCGCTAATCCAAGTGTATCCAAACAATGAAGTAGTGGAGTGACTCGTTAAGGCGTCTGACGGGCAGAT	CCCCCCCCCCCCCCCCCCCCCCCCCCCCCCCCCCCCCCCCCCCCCCCCCCCCCCCCCCCCCCCCCCCCCCCCCCC	AS:i:0	XN:i:0	XM:i:0	XO:i:0	XG:i:0	NM:i:0	MD:Z:75	YT:Z:UP
seq70	353	mini1	1001070	1	75=	=	644	0	ACGTGGGCGCTAATCCAAGTGTATCCAAACAATGAAGTAGTGGAGTGACTCGTTAAGGCGTCTGACGGGCAGATT	CCCCCCCCCCCCCCCCCCCCCCCCCCCCCCCCCCCCCCCCCCCCCCCCCCCCCCCCCCCCCCCCCCCCCCCCCCC	AS:i:0	XN:i:0	XM:i:0	XO:i:0	XG:i:0	NM:i:0	MD:Z:75	YT:Z:UP
seq71	97	mini1	1001071	1	75=	=	645	0	CGTGGGCGCTAATCCAAGTGTATCCAAACAATGAAGTAGTGGAGTGACTCGTTAAGGCGTCTGACGGGCAGATTT	CCCCCCCCCCCCCCCCCCCCCCCCCCCCCCCCCCCCCCCCCCCCCCCCCCCCCCCCCCCCCCCCCCCCCCCCCCC	AS:i:0	XN:i:0	XM:i:0	XO:i:0	XG:i:0	NM:i:0	MD:Z:75	YT:Z:UP
seq72	353	mini1	1001072	1	75=	=	646	0	GTGGGCGCTAATCCAAGTGTATCCAAACAATGAAGTAGTGGAGTGACTCGTTAAGGCGTCTGACGGGCAGATTTT	CCCCCCCCCCCCCCCCCCCCCCCCCCCCCCCCCCCCCCCCCCCCCCCCCCCCCCCCCCCCCCCCCCCCCCCCCCC	AS:i:0	XN:i:0	XM:i:0	XO:i:0	XG:i:0	NM:i:0	MD:Z:75	YT:Z:UP
seq73	97	mini1	1001073	1	75=	=	647	0	TGGGCGCTAATCCAAGTGTATCCAAACAATGAAGTAGTGGAGTGACTCGTTAAGGCGTCTGACGGGCAGATTTTT	CCCCCCCCCCCCCCCCCCCCCCCCCCCCCCCCCCCCCCCCCCCCCCCCCCCCCCCCCCCCCCCCCCCCCCCCCCC	AS:i:0	XN:i:0	XM:i:0	XO:i:0	XG:i:0	NM:i:0	MD:Z:75	YT:Z:UP
seq74	353	mini1	1001074	1	75=	=	648	0	GGGCGCTAATCCAAGTGTATCCAAACAATGAAGTAGTGGAGTGACTCGTTAAGGCGTCTGACGGGCAGATTTTTG	CCCCCCCCCCCCCCCCCCCCCCCCCCCCCCCCCCCCCCCCCCCCCCCCCCCCCCCCCCCCCCCCCCCCCCCCCCC	AS:i:0	XN:i:0	XM:i:0	XO:i:0	XG:i:0	NM:i:0	MD:Z:75	YT:Z:UP
seq75	353	mini1	1001075	1	75=	=	649	0	GGCGCTAATCCAAGTGTATCCAAACAATGAAGTAGTGGAGTGACTCGTTAAGGCGTCTGACGGGCAGATTTTTGA	CCCCCCCCCCCCCCCCCCCCCCCCCCCCCCCCCCCCCCCCCCCCCCCCCCCCCCCCCCCCCCCCCCCCCCCCCCC	AS:i:0	XN:i:0	XM:i:0	XO:i:0	XG:i:0	NM:i:0	MD:Z:75	YT:Z:UP
seq76	97	mini1	1001076	1	75=	=	650	0	GCGCTAATCCAAGTGTATCCAAACAATGAAGTAGTGGAGTGACTCGTTAAGGCGTCTGACGGGCAGATTTTTGAA	CCCCCCCCCCCCCCCCCCCCCCCCCCCCCCCCCCCCCCCCCCCCCCCCCCCCCCCCCCCCCCCCCCCCCCCCCCC	AS:i:0	XN:i:0	XM:i:0	XO:i:0	XG:i:0	NM:i:0	MD:Z:75	YT:Z:UP
seq77	353	mini1	1001077	1	75=	=	651	0	CGCTAATCCAAGTGTATCCAAACAATGAAGTAGTGGAGTGACTCGTTAAGGCGTCTGACGGGCAGATTTTTGAAT	CCCCCCCCCCCCCCCCCCCCCCCCCCCCCCCCCCCCCCCCCCCCCCCCCCCCCCCCCCCCCCCCCCCCCCCCCCC	AS:i:0	XN:i:0	XM:i:0	XO:i:0	XG:i:0	NM:i:0	MD:Z:75	YT:Z:UP
seq78	97	mini1	1001078	1	75=	=	652	0	GCTAATCCAAGTGTATCCAAACAATGAAGTAGTGGAGTGACTCGTTAAGGCGTCTGACGGGCAGATTTTTGAATT	CCCCCCCCCCCCCCCCCCCCCCCCCCCCCCCCCCCCCCCCCCCCCCCCCCCCCCCCCCCCCCCCCCCCCCCCCCC	AS:i:0	XN:i:0	XM:i:0	XO:i:0	XG:i:0	NM:i:0	MD:Z:75	YT:Z:UP
seq79	97	mini1	1001079	1	75=	=	653	0	CTAATCCAAGTGTATCCAAACAATGAAGTAGTGGAGTGACTCGTTAAGGCGTCTGACGGGCAGATTTTTGAATTT	CCCCCCCCCCCCCCCCCCCCCCCCCCCCCCCCCCCCCCCCCCCCCCCCCCCCCCCCCCCCCCCCCCCCCCCCCCC	AS:i:0	XN:i:0	XM:i:0	XO:i:0	XG:i:0	NM:i:0	MD:Z:75	YT:Z:UP
seq80	353	mini1	1001080	1	75=	=	654	0	TAATCCAAGTGTATCCAAACAATGAAGTAGTGGAGTGACTCGTTAAGGCGTCTGACGGGCAGATTTTTGAATTTG	CCCCCCCCCCCCCCCCCCCCCCCCCCCCCCCCCCCCCCCCCCCCCCCCCCCCCCCCCCCCCCCCCCCCCCCCCCC	AS:i:0	XN:i:0	XM:i:0	XO:i:0	XG:i:0	NM:i:0	MD:Z:75	YT:Z:UP
seq81	97	mini1	1001081	1	75=	=	655	0	AATCCAAGTGTATCCAAACAATGAAGTAGTGGAGTGACTCGTTAAGGCGTCTGACGGGCAGATTTTTGAATTTGC	CCCCCCCCCCCCCCCCCCCCCCCCCCCCCCCCCCCCCCCCCCCCCCCCCCCCCCCCCCCCCCCCCCCCCCCCCCC	AS:i:0	XN:i:0	XM:i:0	XO:i:0	XG:i:0	NM:i:0	MD:Z:75	YT:Z:UP
seq82	97	mini1	1001082	1	75=	=	656	0	ATCCAAGTGTATCCAAACAATGAAGTAGTGGAGTGACTCGTTAAGGCGTCTGACGGGCAGATTTTTGAATTTGCC	CCCCCCCCCCCCCCCCCCCCCCCCCCCCCCCCCCCCCCCCCCCCCCCCCCCCCCCCCCCCCCCCCCCCCCCCCCC	AS:i:0	XN:i:0	XM:i:0	XO:i:0	XG:i:0	NM:i:0	MD:Z:75	YT:Z:UP
seq83	97	mini1	1001083	1	75=	=	657	0	TCCAAGTGTATCCAAACAATGAAGTAGTGGAGTGACTCGTTAAGGCGTCTGACGGGCAGATTTTTGAATTTGCCG	CCCCCCCCCCCCCCCCCCCCCCCCCCCCCCCCCCCCCCCCCCCCCCCCCCCCCCCCCCCCCCCCCCCCCCCCCCC	AS:i:0	XN:i:0	XM:i:0	XO:i:0	XG:i:0	NM:i:0	MD:Z:75	YT:Z:UP
seq84	353	mini1	1001084	1	75=	=	658	0	CCAAGTGTATCCAAACAATGAAGTAGTGGAGTGACTCGTTAAGGCGTCTGACGGGCAGATTTTTGAATTTGCCGA	CCCCCCCCCCCCCCCCCCCCCCCCCCCCCCCCCCCCCCCCCCCCCCCCCCCCCCCCCCCCCCCCCCCCCCCCCCC	AS:i:0	XN:i:0	XM:i:0	XO:i:0	XG:i:0	NM:i:0	MD:Z:75	YT:Z:UP
seq85	97	mini1	1001085	1	75=	=	659	0	CAAGTGTATCCAAACAATGAAGTAGTGGAGTGACTCGTTAAGGCGTCTGACGGGCAGATTTTTGAATTTGCCGAC	CCCCCCCCCCCCCCCCCCCCCCCCCCCCCCCCCCCCCCCCCCCCCCCCCCCCCCCCCCCCCCCCCCCCCCCCCCC	AS:i:0	XN:i:0	XM:i:0	XO:i:0	XG:i:0	NM:i:0	MD:Z:75	YT:Z:UP
seq86	97	mini1	1001086	1	75=	=	660	0	AAGTGTATCCAAACAATGAAGTAGTGGAGTGACTCGTTAAGGCGTCTGACGGGCAGATTTTTGAATTTGCCGACT	CCCCCCCCCCCCCCCCCCCCCCCCCCCCCCCCCCCCCCCCCCCCCCCCCCCCCCCCCCCCCCCCCCCCCCCCCCC	AS:i:0	XN:i:0	XM:i:0	XO:i:0	XG:i:0	NM:i:0	MD:Z:75	YT:Z:UP
seq87	353	mini1	1001087	1	75=	=	661	0	AGTGTATCCAAACAATGAAGTAGTGGAGTGACTCGTTAAGGCGTCTGACGGGCAGATTTTTGAATTTGCCGACTT	CCCCCCCCCCCCCCCCCCCCCCCCCCCCCCCCCCCCCCCCCCCCCCCCCCCCCCCCCCCCCCCCCCCCCCCCCCC	AS:i:0	XN:i:0	XM:i:0	XO:i:0	XG:i:0	NM:i:0	MD:Z:75	YT:Z:UP
seq88	97	mini1	1001088	1	75=	=	662	0	GTGTATCCAAACAATGAAGTAGTGGAGTGACTCGTTAAGGCGTCTGACGGGCAGATTTTTGAATTTGCCGACTTT	CCCCCCCCCCCCCCCCCCCCCCCCCCCCCCCCCCCCCCCCCCCCCCCCCCCCCCCCCCCCCCCCCCCCCCCCCCC	AS:i:0	XN:i:0	XM:i:0	XO:i:0	XG:i:0	NM:i:0	MD:Z:75	YT:Z:UP
seq89	97	mini1	1001089	1	75=	=	663	0	TGTATCCAAACAATGAAGTAGTGGAGTGACTCGTTAAGGCGTCTGACGGGCAGATTTTTGAATTTGCCGACTTTG	CCCCCCCCCCCCCCCCCCCCCCCCCCCCCCCCCCCCCCCCCCCCCCCCCCCCCCCCCCCCCCCCCCCCCCCCCCC	AS:i:0	XN:i:0	XM:i:0	XO:i:0	XG:i:0	NM:i:0	MD:Z:75	YT:Z:UP
seq90	353	mini1	1001090	1	75=	=	664	0	GTATCCAAACAATGAAGTAGTGGAGTGACTCGTTAAGGCGTCTGACGGGCAGATTTTTGAATTTGCCGACTTTGA	CCCCCCCCCCCCCCCCCCCCCCCCCCCCCCCCCCCCCCCCCCCCCCCCCCCCCCCCCCCCCCCCCCCCCCCCCCC	AS:i:0	XN:i:0	XM:i:0	XO:i:0	XG:i:0	NM:i:0	MD:Z:75	YT:Z:UP
seq91	353	mini1	1001091	1	75=	=	665	0	TATCCAAACAATGAAGTAGTGGAGTGACTCGTTAAGGCGTCTGACGGGCAGATTTTTGAATTTGCCGACTTTGAC	CCCCCCCCCCCCCCCCCCCCCCCCCCCCCCCCCCCCCCCCCCCCCCCCCCCCCCCCCCCCCCCCCCCCCCCCCCC	AS:i:0	XN:i:0	XM:i:0	XO:i:0	XG:i:0	NM:i:0	MD:Z:75	YT:Z:UP
seq92	97	mini1	1001092	1	75=	=	666	0	ATCCAAACAATGAAGTAGTGGAGTGACTCGTTAAGGCGTCTGACGGGCAGATTTTTGAATTTGCCGACTTTGACA	CCCCCCCCCCCCCCCCCCCCCCCCCCCCCCCCCCCCCCCCCCCCCCCCCCCCCCCCCCCCCCCCCCCCCCCCCCC	AS:i:0	XN:i:0	XM:i:0	XO:i:0	XG:i:0	NM:i:0	MD:Z:75	YT:Z:UP
seq93	97	mini1	1001093	1	75=	=	667	0	TCCAAACAATGAAGTAGTGGAGTGACTCGTTAAGGCGTCTGACGGGCAGATTTTTGAATTTGCCGACTTTGACAA	CCCCCCCCCCCCCCCCCCCCCCCCCCCCCCCCCCCCCCCCCCCCCCCCCCCCCCCCCCCCCCCCCCCCCCCCCCC	AS:i:0	XN:i:0	XM:i:0	XO:i:0	XG:i:0	NM:i:0	MD:Z:75	YT:Z:UP
seq94	353	mini1	1001094	1	75=	=	668	0	CCAAACAATGAAGTAGTGGAGTGACTCGTTAAGGCGTCTGACGGGCAGATTTTTGAATTTGCCGACTTTGACAAG	CCCCCCCCCCCCCCCCCCCCCCCCCCCCCCCCCCCCCCCCCCCCCCCCCCCCCCCCCCCCCCCCCCCCCCCCCCC	AS:i:0	XN:i:0	XM:i:0	XO:i:0	XG:i:0	NM:i:0	MD:Z:75	YT:Z:UP
seq95	353	mini1	1001095	1	75=	=	669	0	CAAACAATGAAGTAGTGGAGTGACTCGTTAAGGCGTCTGACGGGCAGATTTTTGAATTTGCCGACTTTGACAAGA	CCCCCCCCCCCCCCCCCCCCCCCCCCCCCCCCCCCCCCCCCCCCCCCCCCCCCCCCCCCCCCCCCCCCCCCCCCC	AS:i:0	XN:i:0	XM:i:0	XO:i:0	XG:i:0	NM:i:0	MD:Z:75	YT:Z:UP
seq96	97	mini1	1001096	1	75=	=	670	0	AAACAATGAAGTAGTGGAGTGACTCGTTAAGGCGTCTGACGGGCAGATTTTTGAATTTGCCGACTTTGACAAGAC	CCCCCCCCCCCCCCCCCCCCCCCCCCCCCCCCCCCCCCCCCCCCCCCCCCCCCCCCCCCCCCCCCCCCCCCCCCC	AS:i:0	XN:i:0	XM:i:0	XO:i:0	XG:i:0	NM:i:0	MD:Z:75	YT:Z:UP
seq97	97	mini1	1001097	1	75=	=	671	0	AACAATGAAGTAGTGGAGTGACTCGTTAAGGCGTCTGACGGGCAGATTTTTGAATTTGCCGACTTTGACAAGACT	CCCCCCCCCCCCCCCCCCCCCCCCCCCCCCCCCCCCCCCCCCCCCCCCCCCCCCCCCCCCCCCCCCCCCCCCCCC	AS:i:0	XN:i:0	XM:i:0	XO:i:0	XG:i:0	NM:i:0	MD:Z:75	YT:Z:UP
seq98	97	mini1	1001098	1	75=	=	672	0	ACAATGAAGTAGTGGAGTGACTCGTTAAGGCGTCTGACGGGCAGATTTTTGAATTTGCCGACTTTGACAAGACTT	CCCCCCCCCCCCCCCCCCCCCCCCCCCCCCCCCCCCCCCCCCCCCCCCCCCCCCCCCCCCCCCCCCCCCCCCCCC	AS:i:0	XN:i:0	XM:i:0	XO:i:0	XG:i:0	NM:i:0	MD:Z:75	YT:Z:UP
seq99	353	mini1	1001099	1	75=	=	673	0	CAATGAAGTAGTGGAGTGACTCGTTAAGGCGTCTGACGGGCAGATTTTTGAATTTGCCGACTTTGACAAGACTTA	CCCCCCCCCCCCCCCCCCCCCCCCCCCCCCCCCCCCCCCCCCCCCCCCCCCCCCCCCCCCCCCCCCCCCCCCCCC	AS:i:0	XN:i:0	XM:i:0	XO:i:0	XG:i:0	NM:i:0	MD:Z:75	YT:Z:UP
seq100	353	mini1	1001100	1	75=	=	674	0	AATGAAGTAGTGGAGTGACTCGTTAAGGCGTCTGACGGGCAGATTTTTGAATTTGCCGACTTTGACAAGACTTAA	CCCCCCCCCCCCCCCCCCCCCCCCCCCCCCCCCCCCCCCCCCCCCCCCCCCCCCCCCCCCCCCCCCCCCCCCCCC	AS:i:0	XN:i:0	XM:i:0	XO:i:0	XG:i:0	NM:i:0	MD:Z:75	YT:Z:UP